SEASON,ENV,SOWING,GEN,N_RATE,DATE_SOW,Optimum_date,DAYS, GY ,STY,Maturity_days,Weeding,Weeding_No,Irrigation,Irrigation_No,FARMER
Rabi 12-13,KALAPARA,LATE,BG 27,0,1/5/2013,12/15/2012,21,0.319,0.5699,103,1,1 weeding,2,2 irrigation,95
Rabi 12-13,KALAPARA,LATE,BG 25,0,1/5/2013,12/15/2012,21,0.622,1.3067,101,1,1 weeding,2,2 irrigation,95
Rabi 12-13,KALAPARA,LATE,BG 21,0,1/5/2013,12/15/2012,21,0.737,0.987,102,1,1 weeding,2,2 irrigation,95
Rabi 12-13,KALAPARA,LATE,BG 27,67,1/5/2013,12/15/2012,21,0.732,1.2628,104,1,1 weeding,2,2 irrigation,95
Rabi 12-13,KALAPARA,LATE,BG 25,67,1/5/2013,12/15/2012,21,1.095,0.251883333,105,1,1 weeding,2,2 irrigation,95
Rabi 12-13,KALAPARA,LATE,BG 21,67,1/5/2013,12/15/2012,21,1.348,2.028766667,105,1,1 weeding,2,2 irrigation,95
Rabi 12-13,KALAPARA,LATE,BG 27,100,1/5/2013,12/15/2012,21,1.365,1.9296,104,1,1 weeding,2,2 irrigation,95
Rabi 12-13,KALAPARA,LATE,BG 25,100,1/5/2013,12/15/2012,21,0.407,0.959533333,104,1,1 weeding,2,2 irrigation,95
Rabi 12-13,KALAPARA,LATE,BG 21,100,1/5/2013,12/15/2012,21,0.391,0.8686,105,1,1 weeding,2,2 irrigation,95
Rabi 12-13,KALAPARA,LATE,BG 27,0,1/5/2013,12/15/2012,21,0.726,1.77895,92,1,1 weeding,2,2 irrigation,94
Rabi 12-13,KALAPARA,LATE,BG 25,0,1/5/2013,12/15/2012,21,1.079,1.680233333,92,1,1 weeding,2,2 irrigation,94
Rabi 12-13,KALAPARA,LATE,BG 27,67,1/5/2013,12/15/2012,21,1.365,1.9514,92,1,1 weeding,2,2 irrigation,94
Rabi 12-13,KALAPARA,LATE,BG 25,67,1/5/2013,12/15/2012,21,1.75,2.4523,92,1,1 weeding,2,2 irrigation,94
Rabi 12-13,KALAPARA,LATE,BG 21,67,1/5/2013,12/15/2012,21,1.568,2.221266667,92,1,1 weeding,2,2 irrigation,94
Rabi 12-13,KALAPARA,LATE,BG 27,100,1/5/2013,12/15/2012,21,1.106,1.4133,92,1,1 weeding,2,2 irrigation,94
Rabi 12-13,KALAPARA,LATE,BG 21,100,1/5/2013,12/15/2012,21,1.304,1.8836,92,1,1 weeding,2,2 irrigation,94
Rabi 12-13,KALAPARA,LATE,BG 27,0,12/24/2012,12/15/2012,9,1.425,.,101,1,1 weeding,1,1 irrigation,93
Rabi 12-13,KALAPARA,LATE,BG 25,0,12/24/2012,12/15/2012,9,0.853,1.143,99,1,1 weeding,1,1 irrigation,93
Rabi 12-13,KALAPARA,LATE,BG 21,0,12/24/2012,12/15/2012,9,0.754,1.1983,100,1,1 weeding,1,1 irrigation,93
Rabi 12-13,KALAPARA,LATE,BG 27,67,12/24/2012,12/15/2012,9,1.857,1.6523,102,1,1 weeding,1,1 irrigation,93
Rabi 12-13,KALAPARA,LATE,BG 21,67,12/24/2012,12/15/2012,9,2.091,2.73775,103,1,1 weeding,1,1 irrigation,93
Rabi 12-13,KALAPARA,LATE,BG 27,100,12/24/2012,12/15/2012,9,2.124,2.526333333,102,1,1 weeding,1,1 irrigation,93
Rabi 12-13,KALAPARA,LATE,BG 25,100,12/24/2012,12/15/2012,9,1.612,1.9215,102,1,1 weeding,1,1 irrigation,93
Rabi 12-13,KALAPARA,LATE,BG 27,0,12/23/2012,12/15/2012,8,0.913,2.128666667,100,1,1 weeding,1,1 irrigation,92
Rabi 12-13,KALAPARA,LATE,BG 25,0,12/23/2012,12/15/2012,8,0.908,1.642533333,98,1,1 weeding,1,1 irrigation,92
Rabi 12-13,KALAPARA,LATE,BG 21,0,12/23/2012,12/15/2012,8,1.002,1.216,99,1,1 weeding,1,1 irrigation,92
Rabi 12-13,KALAPARA,LATE,BG 27,67,12/23/2012,12/15/2012,8,1.904,2.089266667,101,1,1 weeding,1,1 irrigation,92
Rabi 12-13,KALAPARA,LATE,BG 25,67,12/23/2012,12/15/2012,8,2.295,3.0602,102,1,1 weeding,1,1 irrigation,92
Rabi 12-13,KALAPARA,LATE,BG 21,67,12/23/2012,12/15/2012,8,1.453,1.960533333,102,1,1 weeding,1,1 irrigation,92
Rabi 12-13,KALAPARA,LATE,BG 27,100,12/23/2012,12/15/2012,8,1.623,1.571733333,101,1,1 weeding,1,1 irrigation,92
Rabi 12-13,KALAPARA,LATE,BG 25,100,12/23/2012,12/15/2012,8,1.656,1.8096,101,1,1 weeding,1,1 irrigation,92
Rabi 12-13,KALAPARA,LATE,BG 21,100,12/23/2012,12/15/2012,8,2.163,2.652183333,102,1,1 weeding,1,1 irrigation,92
Rabi 12-13,KALAPARA,EARLY,BG 27,0,12/3/2012,12/15/2012,-12,1.216,1.541,106,2,2 weeding,1,1 irrigation,91
Rabi 12-13,KALAPARA,EARLY,BG 25,0,12/3/2012,12/15/2012,-12,0.825,1.22765,104,2,2 weeding,1,1 irrigation,91
Rabi 12-13,KALAPARA,EARLY,BG 21,0,12/3/2012,12/15/2012,-12,0.82,1.18285,105,2,2 weeding,1,1 irrigation,91
Rabi 12-13,KALAPARA,EARLY,BG 25,100,12/3/2012,12/15/2012,-12,2.851,4.123,108,2,2 weeding,1,1 irrigation,91
Rabi 12-13,KALAPARA,EARLY,BG 27,133,12/3/2012,12/15/2012,-12,3.098,3.396866667,107,2,2 weeding,1,1 irrigation,91
Rabi 12-13,KALAPARA,EARLY,BG 21,133,12/3/2012,12/15/2012,-12,3.032,4.5426,108,2,2 weeding,1,1 irrigation,91
Rabi 12-13,KALAPARA,EARLY,BG 27,0,12/2/2012,12/15/2012,-13,1.139,1.305033333,106,2,2 weeding,1,1 irrigation,90
Rabi 12-13,KALAPARA,EARLY,BG 25,0,12/2/2012,12/15/2012,-13,1.073,1.2997,104,2,2 weeding,1,1 irrigation,90
Rabi 12-13,KALAPARA,EARLY,BG 21,0,12/2/2012,12/15/2012,-13,1.013,1.39105,105,2,2 weeding,1,1 irrigation,90
Rabi 12-13,KALAPARA,EARLY,BG 27,100,12/2/2012,12/15/2012,-13,1.475,1.66875,107,2,2 weeding,1,1 irrigation,90
Rabi 12-13,KALAPARA,EARLY,BG 25,100,12/2/2012,12/15/2012,-13,2.333,2.691,108,2,2 weeding,1,1 irrigation,90
Rabi 12-13,KALAPARA,EARLY,BG 21,100,12/2/2012,12/15/2012,-13,2.064,2.8482,108,2,2 weeding,1,1 irrigation,90
Rabi 12-13,KALAPARA,EARLY,BG 27,133,12/2/2012,12/15/2012,-13,2.405,2.4885,107,2,2 weeding,1,1 irrigation,90
Rabi 12-13,KALAPARA,EARLY,BG 25,133,12/2/2012,12/15/2012,-13,2.553,2.88385,107,2,2 weeding,1,1 irrigation,90
Rabi 12-13,KALAPARA,EARLY,BG 21,133,12/2/2012,12/15/2012,-13,2.696,3.4826,108,2,2 weeding,1,1 irrigation,90
Rabi 12-13,KALAPARA,EARLY,BG 27,0,11/25/2012,12/15/2012,-20,1.142,1.37335,107,2,2 weeding,2,2 irrigation,89
Rabi 12-13,KALAPARA,EARLY,BG 25,0,11/25/2012,12/15/2012,-20,1.002,1.1468,105,2,2 weeding,2,2 irrigation,89
Rabi 12-13,KALAPARA,EARLY,BG 21,0,11/25/2012,12/15/2012,-20,1.469,1.6512,106,2,2 weeding,2,2 irrigation,89
Rabi 12-13,KALAPARA,EARLY,BG 27,100,11/25/2012,12/15/2012,-20,2.705,2.140016667,108,2,2 weeding,2,2 irrigation,89
Rabi 12-13,KALAPARA,EARLY,BG 25,100,11/25/2012,12/15/2012,-20,2.647,1.9,109,2,2 weeding,2,2 irrigation,89
Rabi 12-13,KALAPARA,EARLY,BG 21,100,11/25/2012,12/15/2012,-20,2.633,2.30505,109,2,2 weeding,2,2 irrigation,89
Rabi 12-13,KALAPARA,EARLY,BG 27,133,11/25/2012,12/15/2012,-20,2.996,4.10625,108,2,2 weeding,2,2 irrigation,89
Rabi 12-13,KALAPARA,EARLY,BG 25,133,11/25/2012,12/15/2012,-20,3.046,3.603783333,108,2,2 weeding,2,2 irrigation,89
Rabi 12-13,KALAPARA,EARLY,BG 21,133,11/25/2012,12/15/2012,-20,2.955,3.9402,109,2,2 weeding,2,2 irrigation,89
Rabi 12-13,KALAPARA,EARLY,BG 27,0,11/24/2012,12/15/2012,-21,0.933,1.572266667,107,2,2 weeding,2,2 irrigation,88
Rabi 12-13,KALAPARA,EARLY,BG 25,0,11/24/2012,12/15/2012,-21,1.442,1.637533333,105,2,2 weeding,2,2 irrigation,88
Rabi 12-13,KALAPARA,EARLY,BG 21,0,11/24/2012,12/15/2012,-21,1.241,1.57235,106,2,2 weeding,2,2 irrigation,88
Rabi 12-13,KALAPARA,EARLY,BG 27,100,11/24/2012,12/15/2012,-21,2.988,3.8442,108,2,2 weeding,2,2 irrigation,88
Rabi 12-13,KALAPARA,EARLY,BG 25,100,11/24/2012,12/15/2012,-21,2.87,3.421166667,109,2,2 weeding,2,2 irrigation,88
Rabi 12-13,KALAPARA,EARLY,BG 21,100,11/24/2012,12/15/2012,-21,3.046,3.694,109,2,2 weeding,2,2 irrigation,88
Rabi 12-13,KALAPARA,EARLY,BG 27,133,11/24/2012,12/15/2012,-21,2.985,3.330133333,108,2,2 weeding,2,2 irrigation,88
Rabi 12-13,KALAPARA,EARLY,BG 21,133,11/24/2012,12/15/2012,-21,2.991,3.23,109,2,2 weeding,2,2 irrigation,88
Rabi 12-13,UJIRPUR,LATE,BG 27,0,12/25/2012,12/15/2012,10,0.369,0.3465,94,1,1 weeding,1,1 irrigation,87
Rabi 12-13,UJIRPUR,LATE,BG 25,0,12/25/2012,12/15/2012,10,0.33,0.335666667,92,1,1 weeding,1,1 irrigation,87
Rabi 12-13,UJIRPUR,LATE,BG 21,0,12/25/2012,12/15/2012,10,0.27,0.2905,93,1,1 weeding,1,1 irrigation,87
Rabi 12-13,UJIRPUR,LATE,BG 27,67,12/25/2012,12/15/2012,10,1.48,0.9324,95,1,1 weeding,1,1 irrigation,87
Rabi 12-13,UJIRPUR,LATE,BG 25,67,12/25/2012,12/15/2012,10,1.629,1.35,96,1,1 weeding,1,1 irrigation,87
Rabi 12-13,UJIRPUR,LATE,BG 21,67,12/25/2012,12/15/2012,10,1.31,1.244533333,96,1,1 weeding,1,1 irrigation,87
Rabi 12-13,UJIRPUR,LATE,BG 27,100,12/25/2012,12/15/2012,10,1.695,1.2495,95,1,1 weeding,1,1 irrigation,87
Rabi 12-13,UJIRPUR,LATE,BG 25,100,12/25/2012,12/15/2012,10,1.871,1.526533333,95,1,1 weeding,1,1 irrigation,87
Rabi 12-13,UJIRPUR,LATE,BG 21,100,12/25/2012,12/15/2012,10,1.92,0.7854,96,1,1 weeding,1,1 irrigation,87
Rabi 12-13,UJIRPUR,LATE,BG 27,0,12/25/2012,12/15/2012,10,0.385,0.3498,93,1,1 weeding,1,1 irrigation,86
Rabi 12-13,UJIRPUR,LATE,BG 25,0,12/25/2012,12/15/2012,10,0.523,0.469333333,91,1,1 weeding,1,1 irrigation,86
Rabi 12-13,UJIRPUR,LATE,BG 21,0,12/25/2012,12/15/2012,10,0.633,0.613333333,92,1,1 weeding,1,1 irrigation,86
Rabi 12-13,UJIRPUR,LATE,BG 27,67,12/25/2012,12/15/2012,10,1.568,1.3498,94,1,1 weeding,1,1 irrigation,86
Rabi 12-13,UJIRPUR,LATE,BG 25,67,12/25/2012,12/15/2012,10,2.091,1.688266667,95,1,1 weeding,1,1 irrigation,86
Rabi 12-13,UJIRPUR,LATE,BG 21,67,12/25/2012,12/15/2012,10,2.218,2.0604,95,1,1 weeding,1,1 irrigation,86
Rabi 12-13,UJIRPUR,LATE,BG 27,100,12/25/2012,12/15/2012,10,1.865,1.5645,94,1,1 weeding,1,1 irrigation,86
Rabi 12-13,UJIRPUR,LATE,BG 25,100,12/25/2012,12/15/2012,10,2.382,2.4815,94,1,1 weeding,1,1 irrigation,86
Rabi 12-13,UJIRPUR,LATE,BG 21,100,12/25/2012,12/15/2012,10,1.299,1.3311,95,1,1 weeding,1,1 irrigation,86
Rabi 12-13,UJIRPUR,LATE,BG 27,0,12/17/2012,12/15/2012,2,0.93,1.3536,100,1,1 weeding,1,1 irrigation,85
Rabi 12-13,UJIRPUR,LATE,BG 25,0,12/17/2012,12/15/2012,2,1.464,1.248,98,1,1 weeding,1,1 irrigation,85
Rabi 12-13,UJIRPUR,LATE,BG 21,0,12/17/2012,12/15/2012,2,1.111,1.4212,99,1,1 weeding,1,1 irrigation,85
Rabi 12-13,UJIRPUR,LATE,BG 27,67,12/17/2012,12/15/2012,2,3.302,2.0604,101,1,1 weeding,1,1 irrigation,85
Rabi 12-13,UJIRPUR,LATE,BG 25,67,12/17/2012,12/15/2012,2,4.05,3.484,102,1,1 weeding,1,1 irrigation,85
Rabi 12-13,UJIRPUR,LATE,BG 21,67,12/17/2012,12/15/2012,2,3.989,3.4442,102,1,1 weeding,1,1 irrigation,85
Rabi 12-13,UJIRPUR,LATE,BG 27,100,12/17/2012,12/15/2012,2,3.477,2.63,101,1,1 weeding,1,1 irrigation,85
Rabi 12-13,UJIRPUR,LATE,BG 25,100,12/17/2012,12/15/2012,2,4.154,3.8736,101,1,1 weeding,1,1 irrigation,85
Rabi 12-13,UJIRPUR,LATE,BG 21,100,12/17/2012,12/15/2012,2,2.757,2.854933333,102,1,1 weeding,1,1 irrigation,85
Rabi 12-13,UJIRPUR,LATE,BG 27,0,12/17/2012,12/15/2012,2,0.974,1.2355,99,1,1 weeding,1,1 irrigation,84
Rabi 12-13,UJIRPUR,LATE,BG 25,0,12/17/2012,12/15/2012,2,0.869,1.218,97,1,1 weeding,1,1 irrigation,84
Rabi 12-13,UJIRPUR,LATE,BG 21,0,12/17/2012,12/15/2012,2,0.963,1.151333333,98,1,1 weeding,1,1 irrigation,84
Rabi 12-13,UJIRPUR,LATE,BG 27,67,12/17/2012,12/15/2012,2,3.511,2.39,100,1,1 weeding,1,1 irrigation,84
Rabi 12-13,UJIRPUR,LATE,BG 25,67,12/17/2012,12/15/2012,2,3.835,44.53362038,101,1,1 weeding,1,1 irrigation,84
Rabi 12-13,UJIRPUR,LATE,BG 21,67,12/17/2012,12/15/2012,2,4.655,4.4132,101,1,1 weeding,1,1 irrigation,84
Rabi 12-13,UJIRPUR,LATE,BG 27,100,12/17/2012,12/15/2012,2,3.929,3.262,100,1,1 weeding,1,1 irrigation,84
Rabi 12-13,UJIRPUR,LATE,BG 21,100,12/17/2012,12/15/2012,2,3.687,2.3647,101,1,1 weeding,1,1 irrigation,84
Rabi 12-13,UJIRPUR,EARLY,BG 27,0,12/5/2012,12/15/2012,-10,0.919,0.987,109,1,1 weeding,1,1 irrigation,83
Rabi 12-13,UJIRPUR,EARLY,BG 25,0,12/5/2012,12/15/2012,-10,1.276,1.3124,107,1,1 weeding,1,1 irrigation,83
Rabi 12-13,UJIRPUR,EARLY,BG 21,0,12/5/2012,12/15/2012,-10,1.056,1.234133333,108,1,1 weeding,1,1 irrigation,83
Rabi 12-13,UJIRPUR,EARLY,BG 27,100,12/5/2012,12/15/2012,-10,3.703,2.5025,107,1,1 weeding,1,1 irrigation,83
Rabi 12-13,UJIRPUR,EARLY,BG 25,100,12/5/2012,12/15/2012,-10,3.873,2.946666667,108,1,1 weeding,1,1 irrigation,83
Rabi 12-13,UJIRPUR,EARLY,BG 21,100,12/5/2012,12/15/2012,-10,3.843,3.1977,108,1,1 weeding,1,1 irrigation,83
Rabi 12-13,UJIRPUR,EARLY,BG 27,133,12/5/2012,12/15/2012,-10,4.38,4.062933333,107,1,1 weeding,1,1 irrigation,83
Rabi 12-13,UJIRPUR,EARLY,BG 25,133,12/5/2012,12/15/2012,-10,4.448,4.6801,107,1,1 weeding,1,1 irrigation,83
Rabi 12-13,UJIRPUR,EARLY,BG 21,133,12/5/2012,12/15/2012,-10,3.901,3.7135,108,1,1 weeding,1,1 irrigation,83
Rabi 12-13,UJIRPUR,EARLY,BG 27,0,12/10/2012,12/15/2012,-5,1.211,1.365,105,1,1 weeding,1,1 irrigation,82
Rabi 12-13,UJIRPUR,EARLY,BG 25,0,12/10/2012,12/15/2012,-5,1.045,1.105,103,1,1 weeding,1,1 irrigation,82
Rabi 12-13,UJIRPUR,EARLY,BG 21,0,12/10/2012,12/15/2012,-5,0.842,1.1984,104,1,1 weeding,1,1 irrigation,82
Rabi 12-13,UJIRPUR,EARLY,BG 27,100,12/10/2012,12/15/2012,-5,4.919,3.9202,104,1,1 weeding,1,1 irrigation,82
Rabi 12-13,UJIRPUR,EARLY,BG 25,100,12/10/2012,12/15/2012,-5,4.11,3.25675,105,1,1 weeding,1,1 irrigation,82
Rabi 12-13,UJIRPUR,EARLY,BG 21,100,12/10/2012,12/15/2012,-5,4.259,4.0664,105,1,1 weeding,1,1 irrigation,82
Rabi 12-13,UJIRPUR,EARLY,BG 27,133,12/10/2012,12/15/2012,-5,4.336,4.4608,104,1,1 weeding,1,1 irrigation,82
Rabi 12-13,UJIRPUR,EARLY,BG 25,133,12/10/2012,12/15/2012,-5,4.251,3.440666667,104,1,1 weeding,1,1 irrigation,82
Rabi 12-13,UJIRPUR,EARLY,BG 21,133,12/10/2012,12/15/2012,-5,3.681,3.179,105,1,1 weeding,1,1 irrigation,82
Rabi 12-13,UJIRPUR,EARLY,BG 27,0,12/10/2012,12/15/2012,-5,0.952,1.2308,105,1,1 weeding,1,1 irrigation,81
Rabi 12-13,UJIRPUR,EARLY,BG 25,0,12/10/2012,12/15/2012,-5,1.354,1.459466667,103,1,1 weeding,1,1 irrigation,81
Rabi 12-13,UJIRPUR,EARLY,BG 21,0,12/10/2012,12/15/2012,-5,1.007,1.2478,104,1,1 weeding,1,1 irrigation,81
Rabi 12-13,UJIRPUR,EARLY,BG 27,100,12/10/2012,12/15/2012,-5,4.061,3.496666667,104,1,1 weeding,1,1 irrigation,81
Rabi 12-13,UJIRPUR,EARLY,BG 21,100,12/10/2012,12/15/2012,-5,3.819,3.27,105,1,1 weeding,1,1 irrigation,81
Rabi 12-13,UJIRPUR,EARLY,BG 27,133,12/10/2012,12/15/2012,-5,3.45,2.8866,104,1,1 weeding,1,1 irrigation,81
Rabi 12-13,UJIRPUR,EARLY,BG 25,133,12/10/2012,12/15/2012,-5,3.835,3.128,104,1,1 weeding,1,1 irrigation,81
Rabi 12-13,UJIRPUR,EARLY,BG 21,133,12/10/2012,12/15/2012,-5,3.516,3.0974,105,1,1 weeding,1,1 irrigation,81
Rabi 12-13,UJIRPUR,EARLY,BG 27,0,12/5/2012,12/15/2012,-10,0.902,1.0098,109,1,1 weeding,1,1 irrigation,80
Rabi 12-13,UJIRPUR,EARLY,BG 25,0,12/5/2012,12/15/2012,-10,1.112,1.0885,107,1,1 weeding,1,1 irrigation,80
Rabi 12-13,UJIRPUR,EARLY,BG 21,0,12/5/2012,12/15/2012,-10,1.593,1.008766667,108,1,1 weeding,1,1 irrigation,80
Rabi 12-13,UJIRPUR,EARLY,BG 27,100,12/5/2012,12/15/2012,-10,3.962,3.3524,107,1,1 weeding,1,1 irrigation,80
Rabi 12-13,UJIRPUR,EARLY,BG 25,100,12/5/2012,12/15/2012,-10,4.88,4.312,108,1,1 weeding,1,1 irrigation,80
Rabi 12-13,UJIRPUR,EARLY,BG 21,100,12/5/2012,12/15/2012,-10,4.941,2.9036,108,1,1 weeding,1,1 irrigation,80
Rabi 12-13,UJIRPUR,EARLY,BG 27,133,12/5/2012,12/15/2012,-10,5.194,4.383433333,107,1,1 weeding,1,1 irrigation,80
Rabi 12-13,UJIRPUR,EARLY,BG 25,133,12/5/2012,12/15/2012,-10,4.462,3.647,107,1,1 weeding,1,1 irrigation,80
Rabi 12-13,UJIRPUR,EARLY,BG 21,133,12/5/2012,12/15/2012,-10,4.914,3.4,108,1,1 weeding,1,1 irrigation,80
Rabi 12-13,FULTALA,LATE,BG 27,0,1/3/2013,12/15/2012,19,0.88,1.281,90,0,No weeding,1,1 irrigation,79
Rabi 12-13,FULTALA,LATE,BG 25,0,1/3/2013,12/15/2012,19,1.046,1.343333333,88,0,No weeding,1,1 irrigation,79
Rabi 12-13,FULTALA,LATE,BG 21,0,1/3/2013,12/15/2012,19,0.963,1.28,89,0,No weeding,1,1 irrigation,79
Rabi 12-13,FULTALA,LATE,BG 27,67,1/3/2013,12/15/2012,19,2.251,3.1616,91,0,No weeding,3,3 irrigation,79
Rabi 12-13,FULTALA,LATE,BG 25,67,1/3/2013,12/15/2012,19,2.603,2.9442,92,0,No weeding,3,3 irrigation,79
Rabi 12-13,FULTALA,LATE,BG 21,67,1/3/2013,12/15/2012,19,2.548,3.1374,92,0,No weeding,3,3 irrigation,79
Rabi 12-13,FULTALA,LATE,BG 27,100,1/3/2013,12/15/2012,19,2.119,2.965333333,91,0,No weeding,3,3 irrigation,79
Rabi 12-13,FULTALA,LATE,BG 25,100,1/3/2013,12/15/2012,19,2.614,3.553333333,91,0,No weeding,3,3 irrigation,79
Rabi 12-13,FULTALA,LATE,BG 21,100,1/3/2013,12/15/2012,19,2.426,3.7136,92,0,No weeding,3,3 irrigation,79
Rabi 12-13,FULTALA,LATE,BG 27,0,12/30/2012,12/15/2012,15,0.82,1.239333333,91,0,No weeding,1,1 irrigation,78
Rabi 12-13,FULTALA,LATE,BG 25,0,12/30/2012,12/15/2012,15,1.376,1.847466667,89,0,No weeding,1,1 irrigation,78
Rabi 12-13,FULTALA,LATE,BG 21,0,12/30/2012,12/15/2012,15,1.579,2.439666667,90,0,No weeding,1,1 irrigation,78
Rabi 12-13,FULTALA,LATE,BG 27,67,12/30/2012,12/15/2012,15,2.927,4.5694,92,0,No weeding,3,3 irrigation,78
Rabi 12-13,FULTALA,LATE,BG 25,67,12/30/2012,12/15/2012,15,3.301,3.5904,93,0,No weeding,3,3 irrigation,78
Rabi 12-13,FULTALA,LATE,BG 21,67,12/30/2012,12/15/2012,15,3.241,5.230333333,93,0,No weeding,3,3 irrigation,78
Rabi 12-13,FULTALA,LATE,BG 27,100,12/30/2012,12/15/2012,15,3.026,1.429333333,92,0,No weeding,3,3 irrigation,78
Rabi 12-13,FULTALA,LATE,BG 25,100,12/30/2012,12/15/2012,15,3.785,4.428666667,92,0,No weeding,3,3 irrigation,78
Rabi 12-13,FULTALA,LATE,BG 21,100,12/30/2012,12/15/2012,15,3.274,3.654,93,0,No weeding,3,3 irrigation,78
Rabi 12-13,FULTALA,LATE,BG 27,0,12/24/2012,12/15/2012,9,1.651,2.005333333,98,0,No weeding,1,1 irrigation,77
Rabi 12-13,FULTALA,LATE,BG 25,0,12/24/2012,12/15/2012,9,2.036,2.394166667,96,0,No weeding,1,1 irrigation,77
Rabi 12-13,FULTALA,LATE,BG 21,0,12/24/2012,12/15/2012,9,2.163,2.7384,97,0,No weeding,1,1 irrigation,77
Rabi 12-13,FULTALA,LATE,BG 27,67,12/24/2012,12/15/2012,9,3.208,3.844266667,100,0,No weeding,3,3 irrigation,77
Rabi 12-13,FULTALA,LATE,BG 25,67,12/24/2012,12/15/2012,9,3.554,3.7922,98,0,No weeding,3,3 irrigation,77
Rabi 12-13,FULTALA,LATE,BG 21,67,12/24/2012,12/15/2012,9,3.549,4.164333333,99,0,No weeding,3,3 irrigation,77
Rabi 12-13,FULTALA,LATE,BG 27,100,12/24/2012,12/15/2012,9,3.543,4.511,100,0,No weeding,3,3 irrigation,77
Rabi 12-13,FULTALA,LATE,BG 25,100,12/24/2012,12/15/2012,9,4.099,4.801666667,98,0,No weeding,3,3 irrigation,77
Rabi 12-13,FULTALA,LATE,BG 21,100,12/24/2012,12/15/2012,9,3.851,4.0964,99,0,No weeding,3,3 irrigation,77
Rabi 12-13,FULTALA,LATE,BG 27,0,12/17/2012,12/15/2012,2,0.946,1.0184,102,0,No weeding,1,1 irrigation,76
Rabi 12-13,FULTALA,LATE,BG 25,0,12/17/2012,12/15/2012,2,1.1,1.1,100,0,No weeding,1,1 irrigation,76
Rabi 12-13,FULTALA,LATE,BG 21,0,12/17/2012,12/15/2012,2,0.963,1.152,101,0,No weeding,1,1 irrigation,76
Rabi 12-13,FULTALA,LATE,BG 27,67,12/17/2012,12/15/2012,2,2.691,0.8862,104,0,No weeding,2,2 irrigation,76
Rabi 12-13,FULTALA,LATE,BG 25,67,12/17/2012,12/15/2012,2,2.619,0.826333333,102,0,No weeding,2,2 irrigation,76
Rabi 12-13,FULTALA,LATE,BG 21,67,12/17/2012,12/15/2012,2,2.883,3.579333333,103,0,No weeding,2,2 irrigation,76
Rabi 12-13,FULTALA,LATE,BG 27,100,12/17/2012,12/15/2012,2,2.889,3.74,104,0,No weeding,2,2 irrigation,76
Rabi 12-13,FULTALA,LATE,BG 25,100,12/17/2012,12/15/2012,2,2.168,2.4464,102,0,No weeding,2,2 irrigation,76
Rabi 12-13,FULTALA,LATE,BG 21,100,12/17/2012,12/15/2012,2,1.799,2.1504,103,0,No weeding,2,2 irrigation,76
Rabi 12-13,DUMURIA,LATE,BG 27,0,1/5/2013,12/15/2012,21,0.561,0.5658,91,0,No weeding,1,1 irrigation,71
Rabi 12-13,DUMURIA,LATE,BG 25,0,1/5/2013,12/15/2012,21,0.638,1.0304,90,0,No weeding,1,1 irrigation,71
Rabi 12-13,DUMURIA,LATE,BG 21,0,1/5/2013,12/15/2012,21,0.38,0.5628,91,0,No weeding,1,1 irrigation,71
Rabi 12-13,DUMURIA,LATE,BG 27,67,1/5/2013,12/15/2012,21,1.37,1.246666667,93,1,1 weeding,1,1 irrigation,71
Rabi 12-13,DUMURIA,LATE,BG 25,67,1/5/2013,12/15/2012,21,1.188,1.518,91,1,1 weeding,1,1 irrigation,71
Rabi 12-13,DUMURIA,LATE,BG 21,67,1/5/2013,12/15/2012,21,1.04,1.2804,93,1,1 weeding,1,1 irrigation,71
Rabi 12-13,DUMURIA,LATE,BG 27,100,1/5/2013,12/15/2012,21,1.073,1.130066667,93,1,1 weeding,1,1 irrigation,71
Rabi 12-13,DUMURIA,LATE,BG 25,100,1/5/2013,12/15/2012,21,0.853,1.078933333,91,1,1 weeding,1,1 irrigation,71
Rabi 12-13,DUMURIA,LATE,BG 21,100,1/5/2013,12/15/2012,21,0.858,1.1484,93,1,1 weeding,1,1 irrigation,71
Rabi 12-13,DUMURIA,LATE,BG 27,0,12/31/2012,12/15/2012,16,0.589,0.693333333,92,0,No weeding,1,1 irrigation,70
Rabi 12-13,DUMURIA,LATE,BG 25,0,12/31/2012,12/15/2012,16,0.925,1.0472,91,0,No weeding,1,1 irrigation,70
Rabi 12-13,DUMURIA,LATE,BG 21,0,12/31/2012,12/15/2012,16,0.308,0.737,92,0,No weeding,1,1 irrigation,70
Rabi 12-13,DUMURIA,LATE,BG 27,67,12/31/2012,12/15/2012,16,0.897,0.9844,93,1,1 weeding,1,1 irrigation,70
Rabi 12-13,DUMURIA,LATE,BG 25,67,12/31/2012,12/15/2012,16,0.605,0.6854,92,1,1 weeding,1,1 irrigation,70
Rabi 12-13,DUMURIA,LATE,BG 21,67,12/31/2012,12/15/2012,16,1.189,1.350933333,93,1,1 weeding,1,1 irrigation,70
Rabi 12-13,DUMURIA,LATE,BG 27,100,12/31/2012,12/15/2012,16,0.974,0.8976,93,1,1 weeding,1,1 irrigation,70
Rabi 12-13,DUMURIA,LATE,BG 25,100,12/31/2012,12/15/2012,16,1.024,1.260266667,92,1,1 weeding,1,1 irrigation,70
Rabi 12-13,DUMURIA,LATE,BG 21,100,12/31/2012,12/15/2012,16,1.084,1.1528,93,1,1 weeding,1,1 irrigation,70
Rabi 12-13,DUMURIA,LATE,BG 27,0,12/23/2012,12/15/2012,8,0.825,1.0718,98,0,No weeding,1,1 irrigation,69
Rabi 12-13,DUMURIA,LATE,BG 25,0,12/23/2012,12/15/2012,8,0.682,1.051733333,97,0,No weeding,1,1 irrigation,69
Rabi 12-13,DUMURIA,LATE,BG 21,0,12/23/2012,12/15/2012,8,0.666,1.11,98,0,No weeding,1,1 irrigation,69
Rabi 12-13,DUMURIA,LATE,BG 27,67,12/23/2012,12/15/2012,8,1.475,2.239733333,99,1,1 weeding,1,1 irrigation,69
Rabi 12-13,DUMURIA,LATE,BG 25,67,12/23/2012,12/15/2012,8,1.276,1.742266667,98,1,1 weeding,1,1 irrigation,69
Rabi 12-13,DUMURIA,LATE,BG 21,67,12/23/2012,12/15/2012,8,2.399,1.519466667,99,1,1 weeding,1,1 irrigation,69
Rabi 12-13,DUMURIA,LATE,BG 27,100,12/23/2012,12/15/2012,8,2.025,1.304333333,99,1,1 weeding,1,1 irrigation,69
Rabi 12-13,DUMURIA,LATE,BG 25,100,12/23/2012,12/15/2012,8,2.613,1.507333333,98,1,1 weeding,1,1 irrigation,69
Rabi 12-13,DUMURIA,LATE,BG 21,100,12/23/2012,12/15/2012,8,2.531,1.371466667,99,1,1 weeding,1,1 irrigation,69
Rabi 12-13,DUMURIA,LATE,BG 27,0,12/18/2012,12/15/2012,3,1.057,1.095333333,99,0,No weeding,1,1 irrigation,68
Rabi 12-13,DUMURIA,LATE,BG 25,0,12/18/2012,12/15/2012,3,1.134,1.309866667,97,0,No weeding,1,1 irrigation,68
Rabi 12-13,DUMURIA,LATE,BG 21,0,12/18/2012,12/15/2012,3,0.914,1.3312,98,0,No weeding,1,1 irrigation,68
Rabi 12-13,DUMURIA,LATE,BG 27,67,12/18/2012,12/15/2012,3,2.13,2.628266667,101,0,No weeding,1,1 irrigation,68
Rabi 12-13,DUMURIA,LATE,BG 25,67,12/18/2012,12/15/2012,3,1.833,2.1756,98,0,No weeding,1,1 irrigation,68
Rabi 12-13,DUMURIA,LATE,BG 21,67,12/18/2012,12/15/2012,3,2.152,3.418266667,100,0,No weeding,1,1 irrigation,68
Rabi 12-13,DUMURIA,LATE,BG 27,100,12/18/2012,12/15/2012,3,1.938,2.186533333,101,0,No weeding,1,1 irrigation,68
Rabi 12-13,DUMURIA,LATE,BG 25,100,12/18/2012,12/15/2012,3,2.851,2.976,98,0,No weeding,1,1 irrigation,68
Rabi 12-13,DUMURIA,LATE,BG 21,100,12/18/2012,12/15/2012,3,2.339,3.0492,100,0,No weeding,1,1 irrigation,68
Rabi 12-13,FULTALA,EARLY,BG 27,0,12/13/2012,12/15/2012,-2,2.294,2.4288,105,0,No weeding,1,1 irrigation,75
Rabi 12-13,FULTALA,EARLY,BG 25,0,12/13/2012,12/15/2012,-2,2.233,2.456666667,103,0,No weeding,1,1 irrigation,75
Rabi 12-13,FULTALA,EARLY,BG 21,0,12/13/2012,12/15/2012,-2,2.107,2.5704,104,0,No weeding,1,1 irrigation,75
Rabi 12-13,FULTALA,EARLY,BG 27,100,12/13/2012,12/15/2012,-2,4.671,3.8295,107,0,No weeding,1,1 irrigation,75
Rabi 12-13,FULTALA,EARLY,BG 25,100,12/13/2012,12/15/2012,-2,4.308,3.8391,105,0,No weeding,1,1 irrigation,75
Rabi 12-13,FULTALA,EARLY,BG 21,100,12/13/2012,12/15/2012,-2,4.235,5.034666667,106,0,No weeding,1,1 irrigation,75
Rabi 12-13,FULTALA,EARLY,BG 27,133,12/13/2012,12/15/2012,-2,4.764,5.042866667,107,0,No weeding,1,1 irrigation,75
Rabi 12-13,FULTALA,EARLY,BG 25,133,12/13/2012,12/15/2012,-2,4.649,4.646666667,105,0,No weeding,1,1 irrigation,75
Rabi 12-13,FULTALA,EARLY,BG 21,133,12/13/2012,12/15/2012,-2,4.79,4.862,106,0,No weeding,1,1 irrigation,75
Rabi 12-13,FULTALA,EARLY,BG 27,0,11/27/2012,12/15/2012,-18,1.887,2.1632,111,0,No weeding,1,1 irrigation,74
Rabi 12-13,FULTALA,EARLY,BG 25,0,11/27/2012,12/15/2012,-18,1.964,2.202066667,108,0,No weeding,1,1 irrigation,74
Rabi 12-13,FULTALA,EARLY,BG 21,0,11/27/2012,12/15/2012,-18,1.694,2.1714,110,0,No weeding,1,1 irrigation,74
Rabi 12-13,FULTALA,EARLY,BG 27,100,11/27/2012,12/15/2012,-18,5.419,4.723333333,113,0,No weeding,1,1 irrigation,74
Rabi 12-13,FULTALA,EARLY,BG 25,100,11/27/2012,12/15/2012,-18,5.062,4.834133333,110,0,No weeding,1,1 irrigation,74
Rabi 12-13,FULTALA,EARLY,BG 21,100,11/27/2012,12/15/2012,-18,3.2,4.4792,112,0,No weeding,1,1 irrigation,74
Rabi 12-13,FULTALA,EARLY,BG 27,133,11/27/2012,12/15/2012,-18,4.99,4.945,113,0,No weeding,1,1 irrigation,74
Rabi 12-13,FULTALA,EARLY,BG 25,133,11/27/2012,12/15/2012,-18,5.067,5.1568,110,0,No weeding,1,1 irrigation,74
Rabi 12-13,FULTALA,EARLY,BG 21,133,11/27/2012,12/15/2012,-18,4.962,4.957866667,112,0,No weeding,1,1 irrigation,74
Rabi 12-13,FULTALA,EARLY,BG 27,0,11/22/2012,12/15/2012,-23,1.199,1.1844,111,0,No weeding,1,1 irrigation,73
Rabi 12-13,FULTALA,EARLY,BG 25,0,11/22/2012,12/15/2012,-23,1.161,1.371133333,108,0,No weeding,1,1 irrigation,73
Rabi 12-13,FULTALA,EARLY,BG 21,0,11/22/2012,12/15/2012,-23,1.232,1.412666667,110,0,No weeding,1,1 irrigation,73
Rabi 12-13,FULTALA,EARLY,BG 27,100,11/22/2012,12/15/2012,-23,5.007,5.4912,113,1,1 weeding,1,1 irrigation,73
Rabi 12-13,FULTALA,EARLY,BG 25,100,11/22/2012,12/15/2012,-23,5.221,4.7343,110,1,1 weeding,1,1 irrigation,73
Rabi 12-13,FULTALA,EARLY,BG 21,100,11/22/2012,12/15/2012,-23,4.831,4.970333333,112,1,1 weeding,1,1 irrigation,73
Rabi 12-13,FULTALA,EARLY,BG 27,133,11/22/2012,12/15/2012,-23,5.282,5.0556,113,1,1 weeding,1,1 irrigation,73
Rabi 12-13,FULTALA,EARLY,BG 25,133,11/22/2012,12/15/2012,-23,5.194,4.953533333,110,1,1 weeding,1,1 irrigation,73
Rabi 12-13,FULTALA,EARLY,BG 21,133,11/22/2012,12/15/2012,-23,5.189,5.047866667,112,1,1 weeding,1,1 irrigation,73
Rabi 12-13,FULTALA,EARLY,BG 27,0,11/21/2012,12/15/2012,-24,1.436,1.554133333,111,0,No weeding,1,1 irrigation,72
Rabi 12-13,FULTALA,EARLY,BG 25,0,11/21/2012,12/15/2012,-24,1.458,1.825,108,0,No weeding,1,1 irrigation,72
Rabi 12-13,FULTALA,EARLY,BG 21,0,11/21/2012,12/15/2012,-24,1.441,1.849966667,110,0,No weeding,1,1 irrigation,72
Rabi 12-13,FULTALA,EARLY,BG 27,100,11/21/2012,12/15/2012,-24,4.963,5.149866667,113,1,1 weeding,1,1 irrigation,72
Rabi 12-13,FULTALA,EARLY,BG 25,100,11/21/2012,12/15/2012,-24,5.211,5.129366667,110,1,1 weeding,1,1 irrigation,72
Rabi 12-13,FULTALA,EARLY,BG 21,100,11/21/2012,12/15/2012,-24,5.128,5.060266667,112,1,1 weeding,1,1 irrigation,72
Rabi 12-13,FULTALA,EARLY,BG 27,133,11/21/2012,12/15/2012,-24,4.914,4.615566667,113,1,1 weeding,1,1 irrigation,72
Rabi 12-13,FULTALA,EARLY,BG 25,133,11/21/2012,12/15/2012,-24,5.085,4.9984,110,1,1 weeding,1,1 irrigation,72
Rabi 12-13,FULTALA,EARLY,BG 21,133,11/21/2012,12/15/2012,-24,4.87,5.156666667,112,1,1 weeding,1,1 irrigation,72
Rabi 12-13,DUMURIA,EARLY,BG 27,0,12/14/2012,12/15/2012,-1,1.382,1.173,101,0,No weeding,1,1 irrigation,67
Rabi 12-13,DUMURIA,EARLY,BG 25,0,12/14/2012,12/15/2012,-1,1.304,1.3202,97,0,No weeding,1,1 irrigation,67
Rabi 12-13,DUMURIA,EARLY,BG 21,0,12/14/2012,12/15/2012,-1,1.123,1.296533333,99,0,No weeding,1,1 irrigation,67
Rabi 12-13,DUMURIA,EARLY,BG 27,100,12/14/2012,12/15/2012,-1,3.021,2.670133333,104,0,No weeding,1,1 irrigation,67
Rabi 12-13,DUMURIA,EARLY,BG 25,100,12/14/2012,12/15/2012,-1,3.104,3.4776,100,0,No weeding,1,1 irrigation,67
Rabi 12-13,DUMURIA,EARLY,BG 21,100,12/14/2012,12/15/2012,-1,3.033,3.260666667,103,0,No weeding,1,1 irrigation,67
Rabi 12-13,DUMURIA,EARLY,BG 27,133,12/14/2012,12/15/2012,-1,3.401,4.4086,104,0,No weeding,1,1 irrigation,67
Rabi 12-13,DUMURIA,EARLY,BG 25,133,12/14/2012,12/15/2012,-1,3.198,3.197,100,0,No weeding,1,1 irrigation,67
Rabi 12-13,DUMURIA,EARLY,BG 21,133,12/14/2012,12/15/2012,-1,3.121,4.370133333,103,0,No weeding,1,1 irrigation,67
Rabi 12-13,DUMURIA,EARLY,BG 27,0,12/10/2012,12/15/2012,-5,1.117,1.070333333,102,0,No weeding,1,1 irrigation,65
Rabi 12-13,DUMURIA,EARLY,BG 25,0,12/10/2012,12/15/2012,-5,1.122,1.228533333,98,0,No weeding,1,1 irrigation,65
Rabi 12-13,DUMURIA,EARLY,BG 21,0,12/10/2012,12/15/2012,-5,1.183,1.274,100,0,No weeding,1,1 irrigation,65
Rabi 12-13,DUMURIA,EARLY,BG 27,100,12/10/2012,12/15/2012,-5,3.703,4.126066667,103,0,No weeding,2,2 irrigation,65
Rabi 12-13,DUMURIA,EARLY,BG 25,100,12/10/2012,12/15/2012,-5,3.665,4.269733333,100,0,No weeding,2,2 irrigation,65
Rabi 12-13,DUMURIA,EARLY,BG 21,100,12/10/2012,12/15/2012,-5,3.511,3.9938,102,0,No weeding,2,2 irrigation,65
Rabi 12-13,DUMURIA,EARLY,BG 27,133,12/10/2012,12/15/2012,-5,3.929,4.0138,103,0,No weeding,2,2 irrigation,65
Rabi 12-13,DUMURIA,EARLY,BG 25,133,12/10/2012,12/15/2012,-5,3.924,3.7202,100,0,No weeding,2,2 irrigation,65
Rabi 12-13,DUMURIA,EARLY,BG 21,133,12/10/2012,12/15/2012,-5,3.742,4.1706,102,0,No weeding,2,2 irrigation,65
Rabi 12-13,DUMURIA,EARLY,BG 27,0,12/7/2012,12/15/2012,-8,1.194,2.0108,102,0,No weeding,1,1 irrigation,64
Rabi 12-13,DUMURIA,EARLY,BG 25,0,12/7/2012,12/15/2012,-8,1.276,2.257666667,98,0,No weeding,1,1 irrigation,64
Rabi 12-13,DUMURIA,EARLY,BG 21,0,12/7/2012,12/15/2012,-8,1.111,1.9756,102,0,No weeding,1,1 irrigation,64
Rabi 12-13,DUMURIA,EARLY,BG 27,100,12/7/2012,12/15/2012,-8,4.315,3.924666667,106,0,No weeding,2,2 irrigation,64
Rabi 12-13,DUMURIA,EARLY,BG 25,100,12/7/2012,12/15/2012,-8,4.364,4.1168,103,0,No weeding,2,2 irrigation,64
Rabi 12-13,DUMURIA,EARLY,BG 21,100,12/7/2012,12/15/2012,-8,4.259,4.320333333,105,0,No weeding,2,2 irrigation,64
Rabi 12-13,DUMURIA,EARLY,BG 27,133,12/7/2012,12/15/2012,-8,4.061,4.641,106,0,No weeding,2,2 irrigation,64
Rabi 12-13,DUMURIA,EARLY,BG 25,133,12/7/2012,12/15/2012,-8,4.364,4.7564,103,0,No weeding,2,2 irrigation,64
Rabi 12-13,DUMURIA,EARLY,BG 21,133,12/7/2012,12/15/2012,-8,4.298,4.6552,105,0,No weeding,2,2 irrigation,64
Rabi 12-13,DUMURIA,EARLY,BG 27,0,12/1/2012,12/15/2012,-14,1.678,2.4388,110,0,No weeding,1,1 irrigation,63
Rabi 12-13,DUMURIA,EARLY,BG 25,0,12/1/2012,12/15/2012,-14,1.656,2.5432,104,0,No weeding,1,1 irrigation,63
Rabi 12-13,DUMURIA,EARLY,BG 21,0,12/1/2012,12/15/2012,-14,1.75,2.3452,108,0,No weeding,1,1 irrigation,63
Rabi 12-13,DUMURIA,EARLY,BG 27,100,12/1/2012,12/15/2012,-14,3.791,4.653133333,112,0,No weeding,2,2 irrigation,63
Rabi 12-13,DUMURIA,EARLY,BG 25,100,12/1/2012,12/15/2012,-14,3.742,4.680533333,105,0,No weeding,2,2 irrigation,63
Rabi 12-13,DUMURIA,EARLY,BG 21,100,12/1/2012,12/15/2012,-14,3.818,4.7564,109,0,No weeding,2,2 irrigation,63
Rabi 12-13,DUMURIA,EARLY,BG 27,133,12/1/2012,12/15/2012,-14,4.677,5.733,112,0,No weeding,2,2 irrigation,63
Rabi 12-13,DUMURIA,EARLY,BG 25,133,12/1/2012,12/15/2012,-14,4.507,4.9852,105,0,No weeding,2,2 irrigation,63
Rabi 12-13,DUMURIA,EARLY,BG 21,133,12/1/2012,12/15/2012,-14,4.847,6.901,109,0,No weeding,2,2 irrigation,63
Rabi 12-13,SADAR,LATE,BG 27,0,1/6/2013,12/15/2012,22,1.464,1.373513514,88,0,No weeding,1,1 irrigation,62
Rabi 12-13,SADAR,LATE,BG 25,0,1/6/2013,12/15/2012,22,1.508,1.507105263,87,0,No weeding,1,1 irrigation,62
Rabi 12-13,SADAR,LATE,BG 21,0,1/6/2013,12/15/2012,22,1.244,1.628266667,89,0,No weeding,1,1 irrigation,62
Rabi 12-13,SADAR,LATE,BG 27,67,1/6/2013,12/15/2012,22,2.691,3.002739726,90,1,1 weeding,3,3 irrigation,62
Rabi 12-13,SADAR,LATE,BG 25,67,1/6/2013,12/15/2012,22,2.564,3.060810811,89,1,1 weeding,3,3 irrigation,62
Rabi 12-13,SADAR,LATE,BG 21,67,1/6/2013,12/15/2012,22,2.608,3.22739726,90,1,1 weeding,3,3 irrigation,62
Rabi 12-13,SADAR,LATE,BG 27,100,1/6/2013,12/15/2012,22,2.636,0.300878378,90,1,1 weeding,3,3 irrigation,62
Rabi 12-13,SADAR,LATE,BG 25,100,1/6/2013,12/15/2012,22,2.708,2.921917808,89,1,1 weeding,3,3 irrigation,62
Rabi 12-13,SADAR,LATE,BG 21,100,1/6/2013,12/15/2012,22,2.774,3.2172,90,1,1 weeding,3,3 irrigation,62
Rabi 12-13,SADAR,LATE,BG 27,0,12/28/2012,12/15/2012,13,1.409,1.249459459,94,0,No weeding,1,1 irrigation,61
Rabi 12-13,SADAR,LATE,BG 25,0,12/28/2012,12/15/2012,13,1.618,1.67027027,94,0,No weeding,1,1 irrigation,61
Rabi 12-13,SADAR,LATE,BG 21,0,12/28/2012,12/15/2012,13,1.315,1.617945205,95,0,No weeding,1,1 irrigation,61
Rabi 12-13,SADAR,LATE,BG 27,67,12/28/2012,12/15/2012,13,2.702,3.361973684,95,1,1 weeding,3,3 irrigation,61
Rabi 12-13,SADAR,LATE,BG 25,67,12/28/2012,12/15/2012,13,2.608,3.033716216,95,1,1 weeding,3,3 irrigation,61
Rabi 12-13,SADAR,LATE,BG 21,67,12/28/2012,12/15/2012,13,2.68,3.145945946,96,1,1 weeding,3,3 irrigation,61
Rabi 12-13,SADAR,LATE,BG 27,100,12/28/2012,12/15/2012,13,2.625,0.119527027,95,1,1 weeding,3,3 irrigation,61
Rabi 12-13,SADAR,LATE,BG 25,100,12/28/2012,12/15/2012,13,2.763,2.958082192,95,1,1 weeding,3,3 irrigation,61
Rabi 12-13,SADAR,LATE,BG 21,100,12/28/2012,12/15/2012,13,2.801,3.222565789,96,1,1 weeding,3,3 irrigation,61
Rabi 12-13,SADAR,LATE,BG 27,0,12/23/2012,12/15/2012,8,1.568,1.7136,96,0,No weeding,1,1 irrigation,60
Rabi 12-13,SADAR,LATE,BG 25,0,12/23/2012,12/15/2012,8,2.141,2.483466667,94,0,No weeding,1,1 irrigation,60
Rabi 12-13,SADAR,LATE,BG 21,0,12/23/2012,12/15/2012,8,1.712,2.423733333,95,0,No weeding,1,1 irrigation,60
Rabi 12-13,SADAR,LATE,BG 27,67,12/23/2012,12/15/2012,8,3.626,3.921533333,97,1,1 weeding,2,2 irrigation,60
Rabi 12-13,SADAR,LATE,BG 25,67,12/23/2012,12/15/2012,8,3.483,4.187066667,95,1,1 weeding,2,2 irrigation,60
Rabi 12-13,SADAR,LATE,BG 21,67,12/23/2012,12/15/2012,8,3.566,4.213066667,96,1,1 weeding,2,2 irrigation,60
Rabi 12-13,SADAR,LATE,BG 27,100,12/23/2012,12/15/2012,8,3.445,4.249066667,97,1,1 weeding,2,2 irrigation,60
Rabi 12-13,SADAR,LATE,BG 25,100,12/23/2012,12/15/2012,8,3.626,3.956,95,1,1 weeding,2,2 irrigation,60
Rabi 12-13,SADAR,LATE,BG 21,100,12/23/2012,12/15/2012,8,3.731,4.412333333,96,1,1 weeding,2,2 irrigation,60
Rabi 12-13,SADAR,LATE,BG 27,0,12/19/2012,12/15/2012,4,1.711,1.8216,100,0,No weeding,1,1 irrigation,59
Rabi 12-13,SADAR,LATE,BG 25,0,12/19/2012,12/15/2012,4,2.069,2.1948,97,0,No weeding,1,1 irrigation,59
Rabi 12-13,SADAR,LATE,BG 21,0,12/19/2012,12/15/2012,4,2.152,2.391466667,99,0,No weeding,1,1 irrigation,59
Rabi 12-13,SADAR,LATE,BG 27,67,12/19/2012,12/15/2012,4,3.511,4.117333333,101,1,1 weeding,2,2 irrigation,59
Rabi 12-13,SADAR,LATE,BG 25,67,12/19/2012,12/15/2012,4,3.522,4.037866667,98,1,1 weeding,2,2 irrigation,59
Rabi 12-13,SADAR,LATE,BG 21,67,12/19/2012,12/15/2012,4,3.731,3.935133333,100,1,1 weeding,2,2 irrigation,59
Rabi 12-13,SADAR,LATE,BG 27,100,12/19/2012,12/15/2012,4,3.571,3.628,101,1,1 weeding,2,2 irrigation,59
Rabi 12-13,SADAR,LATE,BG 25,100,12/19/2012,12/15/2012,4,3.731,3.6234,98,1,1 weeding,2,2 irrigation,59
Rabi 12-13,SADAR,LATE,BG 21,100,12/19/2012,12/15/2012,4,3.786,3.9072,100,1,1 weeding,2,2 irrigation,59
Rabi 12-13,KALIGANJ,LATE,BG 27,0,12/27/2012,12/15/2012,12,1.431,1.443666667,94,0,No weeding,1,1 irrigation,54
Rabi 12-13,KALIGANJ,LATE,BG 25,0,12/27/2012,12/15/2012,12,1.563,1.987401316,92,0,No weeding,1,1 irrigation,54
Rabi 12-13,KALIGANJ,LATE,BG 21,0,12/27/2012,12/15/2012,12,1.458,1.9642,93,0,No weeding,1,1 irrigation,54
Rabi 12-13,KALIGANJ,LATE,BG 27,67,12/27/2012,12/15/2012,12,2.366,2.516710526,97,1,1 weeding,2,2 irrigation,54
Rabi 12-13,KALIGANJ,LATE,BG 25,67,12/27/2012,12/15/2012,12,2.443,2.104333333,95,1,1 weeding,2,2 irrigation,54
Rabi 12-13,KALIGANJ,LATE,BG 21,67,12/27/2012,12/15/2012,12,2.427,2.3184,96,1,1 weeding,2,2 irrigation,54
Rabi 12-13,KALIGANJ,LATE,BG 27,100,12/27/2012,12/15/2012,12,2.36,2.644210526,97,1,1 weeding,2,2 irrigation,54
Rabi 12-13,KALIGANJ,LATE,BG 25,100,12/27/2012,12/15/2012,12,2.685,3.924375,95,1,1 weeding,2,2 irrigation,54
Rabi 12-13,KALIGANJ,LATE,BG 21,100,12/27/2012,12/15/2012,12,2.471,2.809533333,96,1,1 weeding,2,2 irrigation,54
Rabi 12-13,KALIGANJ,LATE,BG 27,0,12/24/2012,12/15/2012,9,0.941,1.2566,94,0,No weeding,1,1 irrigation,53
Rabi 12-13,KALIGANJ,LATE,BG 25,0,12/24/2012,12/15/2012,9,1.062,1.210266667,94,0,No weeding,1,1 irrigation,53
Rabi 12-13,KALIGANJ,LATE,BG 21,0,12/24/2012,12/15/2012,9,1.095,1.429155405,94,0,No weeding,1,1 irrigation,53
Rabi 12-13,KALIGANJ,LATE,BG 27,67,12/24/2012,12/15/2012,9,3.236,3.828,97,1,1 weeding,2,2 irrigation,53
Rabi 12-13,KALIGANJ,LATE,BG 25,67,12/24/2012,12/15/2012,9,3.252,3.848533333,95,1,1 weeding,2,2 irrigation,53
Rabi 12-13,KALIGANJ,LATE,BG 21,67,12/24/2012,12/15/2012,9,3.032,3.713684211,96,1,1 weeding,2,2 irrigation,53
Rabi 12-13,KALIGANJ,LATE,BG 27,100,12/24/2012,12/15/2012,9,3.434,3.716,97,1,1 weeding,2,2 irrigation,53
Rabi 12-13,KALIGANJ,LATE,BG 25,100,12/24/2012,12/15/2012,9,3.516,3.575333333,95,1,1 weeding,2,2 irrigation,53
Rabi 12-13,KALIGANJ,LATE,BG 21,100,12/24/2012,12/15/2012,9,3.544,3.4526,96,1,1 weeding,2,2 irrigation,53
Rabi 12-13,KALIGANJ,LATE,BG 27,0,12/18/2012,12/15/2012,3,1.178,2.000533333,101,0,No weeding,1,1 irrigation,52
Rabi 12-13,KALIGANJ,LATE,BG 25,0,12/18/2012,12/15/2012,3,1.266,1.508947368,99,0,No weeding,1,1 irrigation,52
Rabi 12-13,KALIGANJ,LATE,BG 21,0,12/18/2012,12/15/2012,3,1.392,1.880394737,100,0,No weeding,1,1 irrigation,52
Rabi 12-13,KALIGANJ,LATE,BG 27,67,12/18/2012,12/15/2012,3,3.434,3.7576,102,1,1 weeding,2,2 irrigation,52
Rabi 12-13,KALIGANJ,LATE,BG 25,67,12/18/2012,12/15/2012,3,3.582,3.989189189,99,1,1 weeding,2,2 irrigation,52
Rabi 12-13,KALIGANJ,LATE,BG 21,67,12/18/2012,12/15/2012,3,3.351,3.525733333,101,1,1 weeding,2,2 irrigation,52
Rabi 12-13,KALIGANJ,LATE,BG 27,100,12/18/2012,12/15/2012,3,3.461,3.7332,102,1,1 weeding,2,2 irrigation,52
Rabi 12-13,KALIGANJ,LATE,BG 25,100,12/18/2012,12/15/2012,3,3.428,4.006578947,99,1,1 weeding,2,2 irrigation,52
Rabi 12-13,KALIGANJ,LATE,BG 21,100,12/18/2012,12/15/2012,3,3.527,3.8304,101,1,1 weeding,2,2 irrigation,52
Rabi 12-13,KALIGANJ,LATE,BG 27,0,12/15/2012,12/15/2012,0,1.849,1.98,98,0,No weeding,1,1 irrigation,51
Rabi 12-13,KALIGANJ,LATE,BG 25,0,12/15/2012,12/15/2012,0,1.877,1.9404,97,0,No weeding,1,1 irrigation,51
Rabi 12-13,KALIGANJ,LATE,BG 21,0,12/15/2012,12/15/2012,0,2.091,2.053421053,98,0,No weeding,1,1 irrigation,51
Rabi 12-13,KALIGANJ,LATE,BG 27,67,12/15/2012,12/15/2012,0,4.337,4.323310811,99,1,1 weeding,2,2 irrigation,51
Rabi 12-13,KALIGANJ,LATE,BG 25,67,12/15/2012,12/15/2012,0,3.984,4.189934211,98,1,1 weeding,2,2 irrigation,51
Rabi 12-13,KALIGANJ,LATE,BG 21,67,12/15/2012,12/15/2012,0,4.182,4.0736,99,1,1 weeding,2,2 irrigation,51
Rabi 12-13,KALIGANJ,LATE,BG 27,100,12/15/2012,12/15/2012,0,4.001,3.900933333,99,1,1 weeding,2,2 irrigation,51
Rabi 12-13,KALIGANJ,LATE,BG 25,100,12/15/2012,12/15/2012,0,4.253,3.861315789,98,1,1 weeding,2,2 irrigation,51
Rabi 12-13,KALIGANJ,LATE,BG 21,100,12/15/2012,12/15/2012,0,3.434,3.956621622,99,1,1 weeding,2,2 irrigation,51
Rabi 12-13,SADAR,EARLY,BG 27,0,12/14/2012,12/15/2012,-1,1.337,1.352702703,105,0,No weeding,1,1 irrigation,58
Rabi 12-13,SADAR,EARLY,BG 25,0,12/14/2012,12/15/2012,-1,1.398,1.396333333,102,0,No weeding,1,1 irrigation,58
Rabi 12-13,SADAR,EARLY,BG 21,0,12/14/2012,12/15/2012,-1,1.205,1.281891892,104,0,No weeding,1,1 irrigation,58
Rabi 12-13,SADAR,EARLY,BG 27,100,12/14/2012,12/15/2012,-1,3.753,3.249473684,106,1,1 weeding,2,2 irrigation,58
Rabi 12-13,SADAR,EARLY,BG 25,100,12/14/2012,12/15/2012,-1,3.857,3.5186,103,1,1 weeding,2,2 irrigation,58
Rabi 12-13,SADAR,EARLY,BG 21,100,12/14/2012,12/15/2012,-1,3.83,3.585789474,105,1,1 weeding,2,2 irrigation,58
Rabi 12-13,SADAR,EARLY,BG 27,133,12/14/2012,12/15/2012,-1,3.813,3.7996,106,1,1 weeding,2,2 irrigation,58
Rabi 12-13,SADAR,EARLY,BG 25,133,12/14/2012,12/15/2012,-1,3.846,3.676013514,103,1,1 weeding,2,2 irrigation,58
Rabi 12-13,SADAR,EARLY,BG 21,133,12/14/2012,12/15/2012,-1,4.16,3.988108108,105,1,1 weeding,2,2 irrigation,58
Rabi 12-13,SADAR,EARLY,BG 27,0,11/28/2012,12/15/2012,-17,1.673,1.230666667,114,0,No weeding,1,1 irrigation,57
Rabi 12-13,SADAR,EARLY,BG 25,0,11/28/2012,12/15/2012,-17,1.849,1.466756757,109,0,No weeding,1,1 irrigation,57
Rabi 12-13,SADAR,EARLY,BG 21,0,11/28/2012,12/15/2012,-17,1.403,1.657894737,112,0,No weeding,1,1 irrigation,57
Rabi 12-13,SADAR,EARLY,BG 27,100,11/28/2012,12/15/2012,-17,4.341,3.5768,115,1,1 weeding,2,2 irrigation,57
Rabi 12-13,SADAR,EARLY,BG 25,100,11/28/2012,12/15/2012,-17,4.347,4.0328,110,1,1 weeding,2,2 irrigation,57
Rabi 12-13,SADAR,EARLY,BG 21,100,11/28/2012,12/15/2012,-17,4.413,4.1952,113,1,1 weeding,2,2 irrigation,57
Rabi 12-13,SADAR,EARLY,BG 27,133,11/28/2012,12/15/2012,-17,4.71,4.784,115,1,1 weeding,2,2 irrigation,57
Rabi 12-13,SADAR,EARLY,BG 25,133,11/28/2012,12/15/2012,-17,4.501,4.1664,110,1,1 weeding,2,2 irrigation,57
Rabi 12-13,SADAR,EARLY,BG 21,133,11/28/2012,12/15/2012,-17,4.424,3.675789474,113,1,1 weeding,2,2 irrigation,57
Rabi 12-13,SADAR,EARLY,BG 27,0,11/22/2012,12/15/2012,-23,2.3,2.191533333,114,0,No weeding,1,1 irrigation,56
Rabi 12-13,SADAR,EARLY,BG 25,0,11/22/2012,12/15/2012,-23,2.036,1.940666667,109,0,No weeding,1,1 irrigation,56
Rabi 12-13,SADAR,EARLY,BG 21,0,11/22/2012,12/15/2012,-23,1.222,1.301333333,113,0,No weeding,1,1 irrigation,56
Rabi 12-13,SADAR,EARLY,BG 27,100,11/22/2012,12/15/2012,-23,5.068,4.914,115,1,1 weeding,2,2 irrigation,56
Rabi 12-13,SADAR,EARLY,BG 25,100,11/22/2012,12/15/2012,-23,4.633,4.159459459,110,1,1 weeding,2,2 irrigation,56
Rabi 12-13,SADAR,EARLY,BG 21,100,11/22/2012,12/15/2012,-23,4.864,4.688421053,114,1,1 weeding,2,2 irrigation,56
Rabi 12-13,SADAR,EARLY,BG 27,133,11/22/2012,12/15/2012,-23,4.969,4.697333333,115,1,1 weeding,2,2 irrigation,56
Rabi 12-13,SADAR,EARLY,BG 25,133,11/22/2012,12/15/2012,-23,4.93,4.41,110,1,1 weeding,2,2 irrigation,56
Rabi 12-13,SADAR,EARLY,BG 21,133,11/22/2012,12/15/2012,-23,4.947,4.567666667,114,1,1 weeding,2,2 irrigation,56
Rabi 12-13,SADAR,EARLY,BG 27,0,11/20/2012,12/15/2012,-25,1.42,1.1524,116,0,No weeding,1,1 irrigation,55
Rabi 12-13,SADAR,EARLY,BG 25,0,11/20/2012,12/15/2012,-25,1.524,1.335789474,111,0,No weeding,1,1 irrigation,55
Rabi 12-13,SADAR,EARLY,BG 21,0,11/20/2012,12/15/2012,-25,1.266,1.431351351,114,0,No weeding,1,1 irrigation,55
Rabi 12-13,SADAR,EARLY,BG 27,100,11/20/2012,12/15/2012,-25,4.6,4.094342105,117,1,1 weeding,2,2 irrigation,55
Rabi 12-13,SADAR,EARLY,BG 25,100,11/20/2012,12/15/2012,-25,4.897,4.3296,110,1,1 weeding,2,2 irrigation,55
Rabi 12-13,SADAR,EARLY,BG 21,100,11/20/2012,12/15/2012,-25,4.968,4.552635135,115,1,1 weeding,2,2 irrigation,55
Rabi 12-13,SADAR,EARLY,BG 27,133,11/20/2012,12/15/2012,-25,5.205,4.804333333,117,1,1 weeding,2,2 irrigation,55
Rabi 12-13,SADAR,EARLY,BG 25,133,11/20/2012,12/15/2012,-25,4.925,4.485405405,112,1,1 weeding,2,2 irrigation,55
Rabi 12-13,SADAR,EARLY,BG 21,133,11/20/2012,12/15/2012,-25,4.996,4.875333333,115,1,1 weeding,2,2 irrigation,55
Rabi 12-13,KALIGANJ,EARLY,BG 27,0,12/8/2012,12/15/2012,-7,1.915,1.9652,105,0,No weeding,1,1 irrigation,50
Rabi 12-13,KALIGANJ,EARLY,BG 25,0,12/8/2012,12/15/2012,-7,2.053,2.030933333,102,0,No weeding,1,1 irrigation,50
Rabi 12-13,KALIGANJ,EARLY,BG 21,0,12/8/2012,12/15/2012,-7,1.844,2.017066667,103,0,No weeding,1,1 irrigation,50
Rabi 12-13,KALIGANJ,EARLY,BG 27,100,12/8/2012,12/15/2012,-7,4.617,4.432702703,106,1,1 weeding,2,2 irrigation,50
Rabi 12-13,KALIGANJ,EARLY,BG 25,100,12/8/2012,12/15/2012,-7,4.435,4.259459459,103,1,1 weeding,2,2 irrigation,50
Rabi 12-13,KALIGANJ,EARLY,BG 21,100,12/8/2012,12/15/2012,-7,4.452,4.1088,104,1,1 weeding,2,2 irrigation,50
Rabi 12-13,KALIGANJ,EARLY,BG 27,133,12/8/2012,12/15/2012,-7,4.38,4.289802632,106,1,1 weeding,2,2 irrigation,50
Rabi 12-13,KALIGANJ,EARLY,BG 25,133,12/8/2012,12/15/2012,-7,4.347,4.216,103,1,1 weeding,2,2 irrigation,50
Rabi 12-13,KALIGANJ,EARLY,BG 21,133,12/8/2012,12/15/2012,-7,4.617,4.578783784,104,1,1 weeding,2,2 irrigation,50
Rabi 12-13,KALIGANJ,EARLY,BG 27,0,11/27/2012,12/15/2012,-18,2.113,2.255666667,113,0,No weeding,1,1 irrigation,49
Rabi 12-13,KALIGANJ,EARLY,BG 25,0,11/27/2012,12/15/2012,-18,2.273,2.194133333,110,0,No weeding,1,1 irrigation,49
Rabi 12-13,KALIGANJ,EARLY,BG 21,0,11/27/2012,12/15/2012,-18,2.328,2.549342105,112,0,No weeding,1,1 irrigation,49
Rabi 12-13,KALIGANJ,EARLY,BG 27,100,11/27/2012,12/15/2012,-18,4.98,4.9266,110,1,1 weeding,2,2 irrigation,49
Rabi 12-13,KALIGANJ,EARLY,BG 25,100,11/27/2012,12/15/2012,-18,4.314,3.989078947,108,1,1 weeding,2,2 irrigation,49
Rabi 12-13,KALIGANJ,EARLY,BG 21,100,11/27/2012,12/15/2012,-18,4.54,4.8928,109,1,1 weeding,2,2 irrigation,49
Rabi 12-13,KALIGANJ,EARLY,BG 27,133,11/27/2012,12/15/2012,-18,4.38,4.646993243,114,1,1 weeding,2,2 irrigation,49
Rabi 12-13,KALIGANJ,EARLY,BG 25,133,11/27/2012,12/15/2012,-18,4.661,5.049736842,111,1,1 weeding,2,2 irrigation,49
Rabi 12-13,KALIGANJ,EARLY,BG 21,133,11/27/2012,12/15/2012,-18,4.644,5.045657895,113,1,1 weeding,2,2 irrigation,49
Rabi 12-13,KALIGANJ,EARLY,BG 27,0,11/22/2012,12/15/2012,-23,1.915,2.0907,115,0,No weeding,1,1 irrigation,48
Rabi 12-13,KALIGANJ,EARLY,BG 25,0,11/22/2012,12/15/2012,-23,1.656,1.752133333,111,0,No weeding,1,1 irrigation,48
Rabi 12-13,KALIGANJ,EARLY,BG 21,0,11/22/2012,12/15/2012,-23,1.629,1.7424,114,0,No weeding,1,1 irrigation,48
Rabi 12-13,KALIGANJ,EARLY,BG 27,100,11/22/2012,12/15/2012,-23,4.243,4.1722,116,1,1 weeding,2,2 irrigation,48
Rabi 12-13,KALIGANJ,EARLY,BG 25,100,11/22/2012,12/15/2012,-23,4.364,4.128,112,1,1 weeding,2,2 irrigation,48
Rabi 12-13,KALIGANJ,EARLY,BG 21,100,11/22/2012,12/15/2012,-23,4.127,4.382,115,1,1 weeding,2,2 irrigation,48
Rabi 12-13,KALIGANJ,EARLY,BG 27,133,11/22/2012,12/15/2012,-23,4.617,4.843881579,116,1,1 weeding,2,2 irrigation,48
Rabi 12-13,KALIGANJ,EARLY,BG 25,133,11/22/2012,12/15/2012,-23,4.903,4.086233766,112,1,1 weeding,2,2 irrigation,48
Rabi 12-13,KALIGANJ,EARLY,BG 21,133,11/22/2012,12/15/2012,-23,4.611,4.706133333,115,1,1 weeding,2,2 irrigation,48
Rabi 12-13,KALIGANJ,EARLY,BG 27,0,11/21/2012,12/15/2012,-24,1.75,1.881081081,114,0,No weeding,1,1 irrigation,47
Rabi 12-13,KALIGANJ,EARLY,BG 25,0,11/21/2012,12/15/2012,-24,1.299,1.202066667,111,0,No weeding,1,1 irrigation,47
Rabi 12-13,KALIGANJ,EARLY,BG 21,0,11/21/2012,12/15/2012,-24,1.882,1.829407895,113,0,No weeding,1,1 irrigation,47
Rabi 12-13,KALIGANJ,EARLY,BG 27,100,11/21/2012,12/15/2012,-24,3.599,3.7248,115,1,1 weeding,2,2 irrigation,47
Rabi 12-13,KALIGANJ,EARLY,BG 25,100,11/21/2012,12/15/2012,-24,3.511,3.568684211,112,1,1 weeding,2,2 irrigation,47
Rabi 12-13,KALIGANJ,EARLY,BG 21,100,11/21/2012,12/15/2012,-24,3.945,4.100266667,114,1,1 weeding,2,2 irrigation,47
Rabi 12-13,KALIGANJ,EARLY,BG 27,133,11/21/2012,12/15/2012,-24,4.369,4.467666667,115,1,1 weeding,2,2 irrigation,47
Rabi 12-13,KALIGANJ,EARLY,BG 25,133,11/21/2012,12/15/2012,-24,4.325,4.0392,112,1,1 weeding,2,2 irrigation,47
Rabi 12-13,KALIGANJ,EARLY,BG 21,133,11/21/2012,12/15/2012,-24,4.529,4.3792,114,1,1 weeding,2,2 irrigation,47
