"DIVISION_NAME","DISTRICT_NAME","UPAZILA_NAME","POVERTY_PERCENT","DIVISION_NAME 2","DIVISION_PCODE","DISTRICT_NAME 2","DISTRICT_PCODE","UPAZILA_NMAE","UPAZILA_PCODE","ADM3_PCODE"
"Khulna","Bagerhat","Bagerhat Sadar",35.9,"Khulna","BD40","Bagerhat","BD4001","Bagerhat Sadar","BD400108","BD400108"
"Khulna","Bagerhat","Chitalmari",50,"Khulna","BD40","Bagerhat","BD4001","Chitalmari","BD400114","BD400114"
"Khulna","Bagerhat","Fakirhat",36.4,"Khulna","BD40","Bagerhat","BD4001","Fakirhat","BD400134","BD400134"
"Khulna","Bagerhat","Kachua",42.5,"Khulna","BD40","Bagerhat","BD4001","Kachua","BD201358","BD201358"
"Khulna","Bagerhat","Mollahat",46.1,"Khulna","BD40","Bagerhat","BD4001","Mollahat","BD400156","BD400156"
"Khulna","Bagerhat","Mongla",41.9,"Khulna","BD40","Bagerhat","BD4001","Mongla","BD400158","BD400158"
"Khulna","Bagerhat","Morrelganj",46.5,"Khulna","BD40","Bagerhat","BD4001","Morrelganj","BD400160","BD400160"
"Khulna","Bagerhat","Rampal",41.1,"Khulna","BD40","Bagerhat","BD4001","Rampal","BD400173","BD400173"
"Khulna","Bagerhat","Sarankhola",48,"Khulna","BD40","Bagerhat","BD4001","Sarankhola","BD400177","BD400177"
"Chittagong","Bandarban","Alikadam",42.9,"Chittagong","BD20","Bandarban","BD2003","Alikadam","BD200304","BD200304"
"Chittagong","Bandarban","Bandarban Sadar",30.8,"Chittagong","BD20","Bandarban","BD2003","Bandarban Sadar","BD200314","BD200314"
"Chittagong","Bandarban","Lama",41,"Chittagong","BD20","Bandarban","BD2003","Lama","BD200351","BD200351"
"Chittagong","Bandarban","Naikhongchhari",46,"Chittagong","BD20","Bandarban","BD2003","Naikhongchhari","BD200373","BD200373"
"Chittagong","Bandarban","Rowangchhari",32.9,"Chittagong","BD20","Bandarban","BD2003","Rowangchhari","BD200389","BD200389"
"Chittagong","Bandarban","Ruma",42.3,"Chittagong","BD20","Bandarban","BD2003","Ruma","BD200391","BD200391"
"Chittagong","Bandarban","Thanchi",53,"Chittagong","BD20","Bandarban","BD2003","Thanchi","BD200395","BD200395"
"Barisal","Barguna","Amtali",22.8,"Barisal","BD10","Barguna","BD1004","Amtali","BD100409","BD100409"
"Barisal","Barguna","Bamna",17,"Barisal","BD10","Barguna","BD1004","Bamna","BD100419","BD100419"
"Barisal","Barguna","Barguna Sadar",19.2,"Barisal","BD10","Barguna","BD1004","Barguna Sadar","BD100428","BD100428"
"Barisal","Barguna","Betagi",19.6,"Barisal","BD10","Barguna","BD1004","Betagi","BD100447","BD100447"
"Barisal","Barguna","Patharghata",12.9,"Barisal","BD10","Barguna","BD1004","Patharghata","BD100485","BD100485"
"Barisal","Barisal","Agailjhara",51.1,"Barisal","BD10","Barisal","BD1006","Agailjhara","BD100602","BD100602"
"Barisal","Barisal","Babuganj",48.7,"Barisal","BD10","Barisal","BD1006","Babuganj","BD100603","BD100603"
"Barisal","Barisal","Bakerganj",55.4,"Barisal","BD10","Barisal","BD1006","Bakerganj","BD100607","BD100607"
"Barisal","Barisal","Banari Para",52.2,"Barisal","BD10","Barisal","BD1006","Banari Para","BD100610","BD100610"
"Barisal","Barisal","Barisal Sadar (Kotwali)",49.9,"Barisal","BD10","Barisal","BD1006","Barisal Sadar (Kotwali)","BD100651","BD100651"
"Barisal","Barisal","Gaurnadi",55.5,"Barisal","BD10","Barisal","BD1006","Gaurnadi","BD100632","BD100632"
"Barisal","Barisal","Hizla",62.3,"Barisal","BD10","Barisal","BD1006","Hizla","BD100636","BD100636"
"Barisal","Barisal","Mehendiganj",64.4,"Barisal","BD10","Barisal","BD1006","Mehendiganj","BD100662","BD100662"
"Barisal","Barisal","Muladi",58.2,"Barisal","BD10","Barisal","BD1006","Muladi","BD100669","BD100669"
"Barisal","Barisal","Wazirpur",52.1,"Barisal","BD10","Barisal","BD1006","Wazirpur","BD100694","BD100694"
"Barisal","Bhola","Bhola Sadar",49.2,"Barisal","BD10","Bhola","BD1009","Bhola Sadar","BD100918","BD100918"
"Barisal","Bhola","Burhanuddin",28.3,"Barisal","BD10","Bhola","BD1009","Burhanuddin","BD100921","BD100921"
"Barisal","Bhola","Char Fasson",28.2,"Barisal","BD10","Bhola","BD1009","Char Fasson","BD100925","BD100925"
"Barisal","Bhola","Daulat Khan",30.3,"Barisal","BD10","Bhola","BD1009","Daulatkhan","","BD100929"
"Barisal","Bhola","Lalmohan",27.8,"Barisal","BD10","Bhola","BD1009","Lalmohan","BD100954","BD100954"
"Barisal","Bhola","Manpura",32.8,"Barisal","BD10","Bhola","BD1009","Manpura","BD100965","BD100965"
"Barisal","Bhola","Tazumuddin",22.3,"Barisal","BD10","Bhola","BD1009","Tazumuddin","BD100991","BD100991"
"Rajshahi","Bogra","Adamdighi",13.1,"Rajshahi","BD50","Bogra","BD5010","Adamdighi","BD501006","BD501006"
"Rajshahi","Bogra","Bogra Sadar",17.6,"Rajshahi","BD50","Bogra","BD5010","Bogra Sadar","BD501020","BD501020"
"Rajshahi","Bogra","Dhunat",19.8,"Rajshahi","BD50","Bogra","BD5010","Dhunat","BD501027","BD501027"
"Rajshahi","Bogra","Dhupchanchia",13.2,"Rajshahi","BD50","Bogra","BD5010","Dhupchanchia","BD501033","BD501033"
"Rajshahi","Bogra","Gabtali",15.6,"Rajshahi","BD50","Bogra","BD5010","Gabtali","BD501040","BD501040"
"Rajshahi","Bogra","Kahaloo",11.7,"Rajshahi","BD50","Bogra","BD5010","Kahaloo","BD501054","BD501054"
"Rajshahi","Bogra","Nandigram",16.1,"Rajshahi","BD50","Bogra","BD5010","Nandigram","BD501067","BD501067"
"Rajshahi","Bogra","Sariakandi",21.6,"Rajshahi","BD50","Bogra","BD5010","Sariakandi","BD501081","BD501081"
"Rajshahi","Bogra","Shajahanpur",12.5,"Rajshahi","BD50","Bogra","BD5010","Shajahanpur","BD501085","BD501085"
"Rajshahi","Bogra","Sherpur",15.7,"Rajshahi","BD50","Bogra","BD5010","Sherpur","BD501088","BD501088"
"Rajshahi","Bogra","Shibganj",16.9,"Rajshahi","BD50","Bogra","BD5010","Shibganj","BD501094","BD501094"
"Rajshahi","Bogra","Sonatola",23.7,"Rajshahi","BD50","Bogra","BD5010","Sonatola","BD501095","BD501095"
"Chittagong","Chandpur","Chandpur Sadar",45.5,"Chittagong","BD20","Chandpur","BD2013","Chandpur Sadar","BD201322","BD201322"
"Chittagong","Chandpur","Faridganj",46.6,"Chittagong","BD20","Chandpur","BD2013","Faridganj","BD201345","BD201345"
"Chittagong","Chandpur","Haim Char",61.3,"Chittagong","BD20","Chandpur","BD2013","Haim Char","BD201347","BD201347"
"Chittagong","Chandpur","Hajiganj",53.7,"Chittagong","BD20","Chandpur","BD2013","Hajiganj","BD201349","BD201349"
"Chittagong","Chandpur","Kachua",56.3,"Chittagong","BD20","Chandpur","BD2013","Kachua","BD201358","BD201358"
"Chittagong","Chandpur","Matlab Dakshin",53.7,"Chittagong","BD20","Chandpur","BD2013","Matlab Dakshin","BD201376","BD201376"
"Chittagong","Chandpur","Matlab Uttar",49.9,"Chittagong","BD20","Chandpur","BD2013","Matlab Uttar","BD201379","BD201379"
"Chittagong","Chandpur","Shahrasti",50.5,"Chittagong","BD20","Chandpur","BD2013","Shahrasti","BD201395","BD201395"
"Chittagong","Chittagong","Anowara",15.5,"Chittagong","BD20","Chittagong","BD2015","Anowara","BD201504","BD201504"
"Chittagong","Chittagong","Bakalia",4.9,"Chittagong","BD20","Chittagong","BD2015","Bakalia","BD201510","BD201510"
"Chittagong","Chittagong","Banshkhali",27.9,"Chittagong","BD20","Chittagong","BD2015","Banshkhali","BD201508","BD201508"
"Chittagong","Chittagong","Bayejid Bostami",9.2,"Chittagong","BD20","Chittagong","BD2015","Bayejid Bostami","BD201506","BD201506"
"Chittagong","Chittagong","Boalkhali",10.5,"Chittagong","BD20","Chittagong","BD2015","Boalkhali","BD201512","BD201512"
"Chittagong","Chittagong","Chandanaish",13.5,"Chittagong","BD20","Chittagong","BD2015","Chandanaish","BD201518","BD201518"
"Chittagong","Chittagong","Chandgaon",16.9,"Chittagong","BD20","Chittagong","BD2015","Chandgaon","BD201519","BD201519"
"Chittagong","Chittagong","Chittagong Port",12.4,"Chittagong","BD20","Chittagong","BD2015","Chittagong Port","BD201520","BD201520"
"Chittagong","Chittagong","Double Mooring",0,"Chittagong","BD20","Chittagong","BD2015","Double Mooring","BD201528","BD201528"
"Chittagong","Chittagong","Fatikchhari",17.6,"Chittagong","BD20","Chittagong","BD2015","Fatikchhari","BD201533","BD201533"
"Chittagong","Chittagong","Halishahar",5.6,"Chittagong","BD20","Chittagong","BD2015","Halishahar","BD201535","BD201535"
"Chittagong","Chittagong","Hathazari",1.1,"Chittagong","BD20","Chittagong","BD2015","Hathazari","BD201537","BD201537"
"Chittagong","Chittagong","Khulshi",1.1,"Chittagong","BD20","Chittagong","BD2015","Khulshi","BD201543","BD201543"
"Chittagong","Chittagong","Kotwali",0.3,"Chittagong","BD20","Chittagong","BD2015","Kotwali","BD201541","BD201541"
"Chittagong","Chittagong","Lohagara",18.3,"Chittagong","BD20","Chittagong","BD2015","Lohagara","BD201547","BD201547"
"Chittagong","Chittagong","Mirsharai",13.4,"Chittagong","BD20","Chittagong","BD2015","Mirsharai","BD201553","BD201553"
"Chittagong","Chittagong","Pahartali",30,"Chittagong","BD20","Chittagong","BD2015","Pahartali","BD201555","BD201555"
"Chittagong","Chittagong","Panchlaish",0.8,"Chittagong","BD20","Chittagong","BD2015","Panchlaish","BD201557","BD201557"
"Chittagong","Chittagong","Patenga",3.9,"Chittagong","BD20","Chittagong","BD2015","Patenga","BD201565","BD201565"
"Chittagong","Chittagong","Patiya",8.1,"Chittagong","BD20","Chittagong","BD2015","Patiya","BD201561","BD201561"
"Chittagong","Chittagong","Rangunia",14,"Chittagong","BD20","Chittagong","BD2015","Rangunia","BD201570","BD201570"
"Chittagong","Chittagong","Raozan",8.5,"Chittagong","BD20","Chittagong","BD2015","Raozan","BD201574","BD201574"
"Chittagong","Chittagong","Sandwip",19.1,"Chittagong","BD20","Chittagong","BD2015","Sandwip","BD201578","BD201578"
"Chittagong","Chittagong","Satkania",15.2,"Chittagong","BD20","Chittagong","BD2015","Satkania","BD201582","BD201582"
"Chittagong","Chittagong","Sitakunda",11.5,"Chittagong","BD20","Chittagong","BD2015","Sitakunda","BD201586","BD201586"
"Khulna","Chuadanga","Alamdanga",26,"Khulna","BD40","Chuadanga","BD4018","Alamdanga","BD401807","BD401807"
"Khulna","Chuadanga","Chuadanga Sadar",29.2,"Khulna","BD40","Chuadanga","BD4018","Chuadanga Sadar","BD401823","BD401823"
"Khulna","Chuadanga","Damurhuda",27.1,"Khulna","BD40","Chuadanga","BD4018","Damurhuda","BD401831","BD401831"
"Khulna","Chuadanga","Jiban Nagar",29.1,"Khulna","BD40","Chuadanga","BD4018","Jiban Nagar","BD401855","BD401855"
"Chittagong","Comilla","Barura",37.9,"Chittagong","BD20","Comilla","BD2019","Barura","BD201909","BD201909"
"Chittagong","Comilla","Brahman Para",39.9,"Chittagong","BD20","Comilla","BD2019","Brahman Para","BD201915","BD201915"
"Chittagong","Comilla","Burichang",33.3,"Chittagong","BD20","Comilla","BD2019","Burichang","BD201918","BD201918"
"Chittagong","Comilla","Chandina",41.2,"Chittagong","BD20","Comilla","BD2019","Chandina","BD201927","BD201927"
"Chittagong","Comilla","Chauddagram",34.4,"Chittagong","BD20","Comilla","BD2019","Chauddagram","BD201931","BD201931"
"Chittagong","Comilla","Comilla Adarsha Sadar",24.4,"Chittagong","BD20","Comilla","BD2019","Comilla Adarsha Sadar","BD201967","BD201967"
"Chittagong","Comilla","Comilla Sadar Dakshin",33.3,"Chittagong","BD20","Comilla","BD2019","Comilla Sadar Dakshin","BD201933","BD201933"
"Chittagong","Comilla","Daudkandi",38.5,"Chittagong","BD20","Comilla","BD2019","Daudkandi","BD201936","BD201936"
"Chittagong","Comilla","Debidwar",41.4,"Chittagong","BD20","Comilla","BD2019","Debidwar","BD201940","BD201940"
"Chittagong","Comilla","Homna",38.3,"Chittagong","BD20","Comilla","BD2019","Homna","BD201954","BD201954"
"Chittagong","Comilla","Laksam",37.4,"Chittagong","BD20","Comilla","BD2019","Laksam","BD201972","BD201972"
"Chittagong","Comilla","Manoharganj",47.1,"Chittagong","BD20","Comilla","BD2019","Manoharganj","BD201974","BD201974"
"Chittagong","Comilla","Meghna",37.3,"Chittagong","BD20","Comilla","BD2019","Meghna","BD201975","BD201975"
"Chittagong","Comilla","Muradnagar",45,"Chittagong","BD20","Comilla","BD2019","Muradnagar","BD201981","BD201981"
"Chittagong","Comilla","Nangalkot",45.1,"Chittagong","BD20","Comilla","BD2019","Nangalkot","BD201987","BD201987"
"Chittagong","Comilla","Titas",37.7,"Chittagong","BD20","Comilla","BD2019","Titas","BD201994","BD201994"
"Dhaka","Dhaka","Adabor",12.5,"Dhaka","BD30","Dhaka","BD3026","Adabor","BD302602","BD302602"
"Dhaka","Dhaka","Badda",13.4,"Dhaka","BD30","Dhaka","BD3026","Badda","BD302604","BD302604"
"Dhaka","Dhaka","Bangshal",9.4,"Dhaka","BD30","Dhaka","BD3026","Bangshal","BD302605","BD302605"
"Dhaka","Dhaka","Biman Bandar",1.3,"Dhaka","BD30","Dhaka","BD3026","Biman Bandar","BD302606","BD302606"
"Dhaka","Dhaka","Cantonment",1.5,"Dhaka","BD30","Dhaka","BD3026","Cantonment","BD302608","BD302608"
"Dhaka","Dhaka","Chak Bazar",10.7,"Dhaka","BD30","Dhaka","BD3026","Chak Bazar","BD302609","BD302609"
"Dhaka","Dhaka","Dakshinkhan",24.6,"Dhaka","BD30","Dhaka","BD3026","Dakshinkhan","BD302610","BD302610"
"Dhaka","Dhaka","Darus Salam",14.2,"Dhaka","BD30","Dhaka","BD3026","Darus Salam","BD302611","BD302611"
"Dhaka","Dhaka","Demra",19.9,"Dhaka","BD30","Dhaka","BD3026","Demra","BD302612","BD302612"
"Dhaka","Dhaka","Dhamrai",22.8,"Dhaka","BD30","Dhaka","BD3026","Dhamrai","BD302614","BD302614"
"Dhaka","Dhaka","Dhanmondi",1.4,"Dhaka","BD30","Dhaka","BD3026","Dhanmondi","BD302616","BD302616"
"Dhaka","Dhaka","Dohar",23.9,"Dhaka","BD30","Dhaka","BD3026","Dohar","BD302618","BD302618"
"Dhaka","Dhaka","Gendaria",9.3,"Dhaka","BD30","Dhaka","BD3026","Gendaria","BD302624","BD302624"
"Dhaka","Dhaka","Gulshan",3.3,"Dhaka","BD30","Dhaka","BD3026","Gulshan","BD302626","BD302626"
"Dhaka","Dhaka","Hazaribagh",12.2,"Dhaka","BD30","Dhaka","BD3026","Hazaribagh","BD302628","BD302628"
"Dhaka","Dhaka","Jatrabari",11.6,"Dhaka","BD30","Dhaka","BD3026","Jatrabari","BD302629","BD302629"
"Dhaka","Dhaka","Kadamtali",15,"Dhaka","BD30","Dhaka","BD3026","Kadamtali","BD302632","BD302632"
"Dhaka","Dhaka","Kafrul",7,"Dhaka","BD30","Dhaka","BD3026","Kafrul","BD302630","BD302630"
"Dhaka","Dhaka","Kalabagan",10.1,"Dhaka","BD30","Dhaka","BD3026","Kalabagan","BD302633","BD302633"
"Dhaka","Dhaka","Kamrangir Char",22,"Dhaka","BD30","Dhaka","BD3026","Kamrangir Char","BD302634","BD302634"
"Dhaka","Dhaka","Keraniganj",25.9,"Dhaka","BD30","Dhaka","BD3026","Keraniganj","BD302638","BD302638"
"Dhaka","Dhaka","Khilgaon",13.7,"Dhaka","BD30","Dhaka","BD3026","Khilgaon","BD302636","BD302636"
"Dhaka","Dhaka","Khilkhet",14.7,"Dhaka","BD30","Dhaka","BD3026","Khilkhet","BD302637","BD302637"
"Dhaka","Dhaka","Kotwali",5.9,"Dhaka","BD30","Dhaka","BD3026","Kotwali","BD201541","BD201541"
"Dhaka","Dhaka","Lalbagh",16,"Dhaka","BD30","Dhaka","BD3026","Lalbagh","BD302642","BD302642"
"Dhaka","Dhaka","Mirpur",6.7,"Dhaka","BD30","Dhaka","BD3026","Mirpur","BD302648","BD302648"
"Dhaka","Dhaka","Mohammadpur",4,"Dhaka","BD30","Dhaka","BD3026","Mohammadpur","BD302650","BD302650"
"Dhaka","Dhaka","Motijheel",1.3,"Dhaka","BD30","Dhaka","BD3026","Motijheel","BD302654","BD302654"
"Dhaka","Dhaka","Nawabganj",21.1,"Dhaka","BD30","Dhaka","BD3026","Nawabganj","BD302662","BD302662"
"Dhaka","Dhaka","New Market",3.7,"Dhaka","BD30","Dhaka","BD3026","New Market","BD302663","BD302663"
"Dhaka","Dhaka","Pallabi",12,"Dhaka","BD30","Dhaka","BD3026","Pallabi","BD302664","BD302664"
"Dhaka","Dhaka","Paltan",2.7,"Dhaka","BD30","Dhaka","BD3026","Paltan","BD302665","BD302665"
"Dhaka","Dhaka","Ramna",3.8,"Dhaka","BD30","Dhaka","BD3026","Ramna","BD302666","BD302666"
"Dhaka","Dhaka","Rampura",10.2,"Dhaka","BD30","Dhaka","BD3026","Rampura","BD302667","BD302667"
"Dhaka","Dhaka","Sabujbagh",11.6,"Dhaka","BD30","Dhaka","BD3026","Sabujbagh","BD302668","BD302668"
"Dhaka","Dhaka","Savar",34,"Dhaka","BD30","Dhaka","BD3026","Savar","BD302672","BD302672"
"Dhaka","Dhaka","Shah Ali",15.7,"Dhaka","BD30","Dhaka","BD3026","Shah Ali","BD302674","BD302674"
"Dhaka","Dhaka","Shahbagh",1.5,"Dhaka","BD30","Dhaka","BD3026","Shahbagh","BD302675","BD302675"
"Dhaka","Dhaka","Sher-E-Bangla Nagar",7.7,"Dhaka","BD30","Dhaka","BD3026","Sher-e-bangla Nagar","","BD302680"
"Dhaka","Dhaka","Shyampur",12.9,"Dhaka","BD30","Dhaka","BD3026","Shyampur","BD302676","BD302676"
"Dhaka","Dhaka","Sutrapur",4.6,"Dhaka","BD30","Dhaka","BD3026","Sutrapur","BD302688","BD302688"
"Dhaka","Dhaka","Tejgaon",5.3,"Dhaka","BD30","Dhaka","BD3026","Tejgaon","BD302690","BD302690"
"Dhaka","Dhaka","Tejgaon Ind. Area",6.7,"Dhaka","BD30","Dhaka","BD3026","Tejgaon Ind. Area","BD302692","BD302692"
"Dhaka","Dhaka","Turag",25.1,"Dhaka","BD30","Dhaka","BD3026","Turag","BD302693","BD302693"
"Dhaka","Dhaka","Uttar Khan",24.9,"Dhaka","BD30","Dhaka","BD3026","Uttar Khan","BD302696","BD302696"
"Dhaka","Dhaka","Uttara",3.7,"Dhaka","BD30","Dhaka","BD3026","Uttara","BD302695","BD302695"
"Rangpur","Dinajpur","Biral",38.8,"Rangpur","BD55","Dinajpur","BD5527","Biral","BD552717","BD552717"
"Rangpur","Dinajpur","Birampur",35.9,"Rangpur","BD55","Dinajpur","BD5527","Birampur","BD552710","BD552710"
"Rangpur","Dinajpur","Birganj",43.1,"Rangpur","BD55","Dinajpur","BD5527","Birganj","BD552712","BD552712"
"Rangpur","Dinajpur","Bochaganj",38.4,"Rangpur","BD55","Dinajpur","BD5527","Bochaganj","BD552721","BD552721"
"Rangpur","Dinajpur","Chirirbandar",38.5,"Rangpur","BD55","Dinajpur","BD5527","Chirirbandar","BD552730","BD552730"
"Rangpur","Dinajpur","Dinajpur Sadar",28.2,"Rangpur","BD55","Dinajpur","BD5527","Dinajpur Sadar","BD552764","BD552764"
"Rangpur","Dinajpur","Fulbari",33.8,"Rangpur","BD55","Dinajpur","BD5527","Fulbari","BD552738","BD552738"
"Rangpur","Dinajpur","Ghoraghat",41.8,"Rangpur","BD55","Dinajpur","BD5527","Ghoraghat","BD552743","BD552743"
"Rangpur","Dinajpur","Hakimpur",38.9,"Rangpur","BD55","Dinajpur","BD5527","Hakimpur","BD552747","BD552747"
"Rangpur","Dinajpur","Kaharole",44.3,"Rangpur","BD55","Dinajpur","BD5527","Kaharole","BD552756","BD552756"
"Rangpur","Dinajpur","Khansama",46.5,"Rangpur","BD55","Dinajpur","BD5527","Khansama","BD552760","BD552760"
"Rangpur","Dinajpur","Nawabganj",37.3,"Rangpur","BD55","Dinajpur","BD5527","Nawabganj","BD302662","BD302662"
"Rangpur","Dinajpur","Parbatipur",39.7,"Rangpur","BD55","Dinajpur","BD5527","Parbatipur","BD552777","BD552777"
"Dhaka","Faridpur","Alfadanga",29.9,"Dhaka","BD30","Faridpur","BD3029","Alfadanga","BD302903","BD302903"
"Dhaka","Faridpur","Bhanga",33.5,"Dhaka","BD30","Faridpur","BD3029","Bhanga","BD302910","BD302910"
"Dhaka","Faridpur","Boalmari",39.3,"Dhaka","BD30","Faridpur","BD3029","Boalmari","BD302918","BD302918"
"Dhaka","Faridpur","Char Bhadrasan",35.8,"Dhaka","BD30","Faridpur","BD3029","Char Bhadrasan","BD302921","BD302921"
"Dhaka","Faridpur","Faridpur Sadar",38.3,"Dhaka","BD30","Faridpur","BD3029","Faridpur Sadar","BD302947","BD302947"
"Dhaka","Faridpur","Madhukhali",30.5,"Dhaka","BD30","Faridpur","BD3029","Madhukhali","BD302956","BD302956"
"Dhaka","Faridpur","Nagarkanda",35.9,"Dhaka","BD30","Faridpur","BD3029","Nagarkanda","BD302962","BD302962"
"Dhaka","Faridpur","Sadarpur",36.9,"Dhaka","BD30","Faridpur","BD3029","Sadarpur","BD302984","BD302984"
"Dhaka","Faridpur","Saltha",42.1,"Dhaka","BD30","Faridpur","BD3029","Saltha","BD302990","BD302990"
"Chittagong","Feni","Chhagalnaiya",25.9,"Chittagong","BD20","Feni","BD2030","Chhagalnaiya","BD203014","BD203014"
"Chittagong","Feni","Daganbhuiyan",16.3,"Chittagong","BD20","Feni","BD2030","Daganbhuiyan","BD203025","BD203025"
"Chittagong","Feni","Feni Sadar",18.6,"Chittagong","BD20","Feni","BD2030","Feni Sadar","BD203029","BD203029"
"Chittagong","Feni","Fulgazi",31.8,"Chittagong","BD20","Feni","BD2030","Fulgazi","BD203041","BD203041"
"Chittagong","Feni","Parshuram",30.6,"Chittagong","BD20","Feni","BD2030","Parshuram","BD203051","BD203051"
"Chittagong","Feni","Sonagazi",44.5,"Chittagong","BD20","Feni","BD2030","Sonagazi","BD203094","BD203094"
"Rangpur","Gaibandha","Fulchhari",58.1,"Rangpur","BD55","Gaibandha","BD5532","Fulchhari","BD553221","BD553221"
"Rangpur","Gaibandha","Gaibandha Sadar",44.8,"Rangpur","BD55","Gaibandha","BD5532","Gaibandha Sadar","BD553224","BD553224"
"Rangpur","Gaibandha","Gobindaganj",45.4,"Rangpur","BD55","Gaibandha","BD5532","Gobindaganj","BD553230","BD553230"
"Rangpur","Gaibandha","Palashbari",44.8,"Rangpur","BD55","Gaibandha","BD5532","Palashbari","BD553267","BD553267"
"Rangpur","Gaibandha","Sadullapur",51,"Rangpur","BD55","Gaibandha","BD5532","Sadullapur","BD553282","BD553282"
"Rangpur","Gaibandha","Saghata",52.8,"Rangpur","BD55","Gaibandha","BD5532","Saghatta","","BD553288"
"Rangpur","Gaibandha","Sundarganj",47.6,"Rangpur","BD55","Gaibandha","BD5532","Sundarganj","BD553291","BD553291"
"Dhaka","Gazipur","Gazipur Sadar",22.1,"Dhaka","BD30","Gazipur","BD3033","Gazipur Sadar","BD303330","BD303330"
"Dhaka","Gazipur","Kaliakair",11,"Dhaka","BD30","Gazipur","BD3033","Kaliakair","BD303332","BD303332"
"Dhaka","Gazipur","Kaliganj",15.7,"Dhaka","BD30","Gazipur","BD3033","Kaliganj","BD303334","BD303334"
"Dhaka","Gazipur","Kapasia",27,"Dhaka","BD30","Gazipur","BD3033","Kapasia","BD303336","BD303336"
"Dhaka","Gazipur","Sreepur",14.4,"Dhaka","BD30","Gazipur","BD3033","Sreepur","BD303386","BD303386"
"Dhaka","Gopalganj","Gopalganj Sadar",41.1,"Dhaka","BD30","Gopalganj","BD3035","Gopalganj Sadar","BD303532","BD303532"
"Dhaka","Gopalganj","Kashiani",39.1,"Dhaka","BD30","Gopalganj","BD3035","Kashiani","BD303543","BD303543"
"Dhaka","Gopalganj","Kotalipara",43.6,"Dhaka","BD30","Gopalganj","BD3035","Kotali Para","","BD303551"
"Dhaka","Gopalganj","Muksudpur",46.5,"Dhaka","BD30","Gopalganj","BD3035","Muksudpur","BD303558","BD303558"
"Dhaka","Gopalganj","Tungipara",42.6,"Dhaka","BD30","Gopalganj","BD3035","Tungi Para","","BD303591"
"Sylhet","Habiganj","Ajmiriganj",32.6,"Sylhet","BD60","Habiganj","BD6036","Ajmiriganj","BD603602","BD603602"
"Sylhet","Habiganj","Bahubal",24.1,"Sylhet","BD60","Habiganj","BD6036","Bahubal","BD603605","BD603605"
"Sylhet","Habiganj","Baniachong",27.6,"Sylhet","BD60","Habiganj","BD6036","Baniachong","BD603611","BD603611"
"Sylhet","Habiganj","Chunarughat",27.5,"Sylhet","BD60","Habiganj","BD6036","Chunarughat","BD603626","BD603626"
"Sylhet","Habiganj","Habiganj Sadar",16.9,"Sylhet","BD60","Habiganj","BD6036","Habiganj Sadar","BD603644","BD603644"
"Sylhet","Habiganj","Lakhai",25.2,"Sylhet","BD60","Habiganj","BD6036","Lakhai","BD603668","BD603668"
"Sylhet","Habiganj","Madhabpur",25.9,"Sylhet","BD60","Habiganj","BD6036","Madhabpur","BD603671","BD603671"
"Sylhet","Habiganj","Nabiganj",26.8,"Sylhet","BD60","Habiganj","BD6036","Nabiganj","BD603677","BD603677"
"Dhaka","Jamalpur","Bakshiganj",50.4,"Dhaka","BD30","Jamalpur","BD4539","Bakshiganj","BD453907","BD453907"
"Dhaka","Jamalpur","Dewanganj",58.5,"Dhaka","BD30","Jamalpur","BD4539","Dewanganj","BD453915","BD453915"
"Dhaka","Jamalpur","Islampur",55,"Dhaka","BD30","Jamalpur","BD4539","Islampur","BD453929","BD453929"
"Dhaka","Jamalpur","Jamalpur Sadar",49.8,"Dhaka","BD30","Jamalpur","BD4539","Jamalpur Sadar","BD453936","BD453936"
"Dhaka","Jamalpur","Madarganj",55.5,"Dhaka","BD30","Jamalpur","BD4539","Madarganj","BD453958","BD453958"
"Dhaka","Jamalpur","Melandaha",47.2,"Dhaka","BD30","Jamalpur","BD4539","Melandaha","BD453961","BD453961"
"Dhaka","Jamalpur","Sarishabari Upazila",44.7,"Dhaka","BD30","Jamalpur","BD4539","Sarishabari","BD453985","BD453985"
"Khulna","Jessore","Abhaynagar",36,"Khulna","BD40","Jessore","BD4041","Abhaynagar","BD404104","BD404104"
"Khulna","Jessore","Bagher Para",42.5,"Khulna","BD40","Jessore","BD4041","Bagher Para","BD404109","BD404109"
"Khulna","Jessore","Chaugachha",42.8,"Khulna","BD40","Jessore","BD4041","Chaugachha","BD404111","BD404111"
"Khulna","Jessore","Jessore Sadar",35.3,"Khulna","BD40","Jessore","BD4041","Jessore Sadar","","BD404147"
"Khulna","Jessore","Jhikargachha",38.9,"Khulna","BD40","Jessore","BD4041","Jhikargachha","BD404123","BD404123"
"Khulna","Jessore","Keshabpur",42,"Khulna","BD40","Jessore","BD4041","Keshabpur","BD404138","BD404138"
"Khulna","Jessore","Manirampur",40.2,"Khulna","BD40","Jessore","BD4041","Manirampur","BD404161","BD404161"
"Khulna","Jessore","Sharsha",40.8,"Khulna","BD40","Jessore","BD4041","Sharsha","BD404190","BD404190"
"Barisal","Jhalokati","Jhalokati Sadar",37.7,"Barisal","BD10","Jhalokati","BD1042","Jhalokati Sadar","BD104240","BD104240"
"Barisal","Jhalokati","Kanthalia",34.2,"Barisal","BD10","Jhalokati","BD1042","Kanthalia","BD104243","BD104243"
"Barisal","Jhalokati","Nalchity",46.5,"Barisal","BD10","Jhalokati","BD1042","Nalchity","BD104273","BD104273"
"Barisal","Jhalokati","Rajapur",42,"Barisal","BD10","Jhalokati","BD1042","Rajapur","BD104284","BD104284"
"Khulna","Jhenaidah","Harinakunda",26,"Khulna","BD40","Jhenaidah","BD4044","Harinakunda","BD404414","BD404414"
"Khulna","Jhenaidah","Jhenaidah Sadar",23.9,"Khulna","BD40","Jhenaidah","BD4044","Jhenaidah Sadar","BD404419","BD404419"
"Khulna","Jhenaidah","Kaliganj",24,"Khulna","BD40","Jhenaidah","BD4044","Kaliganj","BD303334","BD303334"
"Khulna","Jhenaidah","Kotchandpur",20.2,"Khulna","BD40","Jhenaidah","BD4044","Kotchandpur","BD404442","BD404442"
"Khulna","Jhenaidah","Maheshpur",23.6,"Khulna","BD40","Jhenaidah","BD4044","Maheshpur","BD404471","BD404471"
"Khulna","Jhenaidah","Shailkupa",28.2,"Khulna","BD40","Jhenaidah","BD4044","Shailkupa","BD404480","BD404480"
"Rajshahi","Joypurhat","Akkelpur",26.9,"Rajshahi","BD50","Joypurhat","BD5038","Akkelpur","BD503813","BD503813"
"Rajshahi","Joypurhat","Joypurhat Sadar",26,"Rajshahi","BD50","Joypurhat","BD5038","Joypurhat Sadar","BD503847","BD503847"
"Rajshahi","Joypurhat","Kalai",25.6,"Rajshahi","BD50","Joypurhat","BD5038","Kalai","BD503858","BD503858"
"Rajshahi","Joypurhat","Khetlal",26.1,"Rajshahi","BD50","Joypurhat","BD5038","Khetlal","BD503861","BD503861"
"Rajshahi","Joypurhat","Panchbibi",28.3,"Rajshahi","BD50","Joypurhat","BD5038","Panchbibi","BD503874","BD503874"
"Chittagong","Khagrachhari","Dighinala",22.5,"Chittagong","BD20","Khagrachhari","BD2046","Dighinala","BD204643","BD204643"
"Chittagong","Khagrachhari","Khagrachhari Sadar",19.5,"Chittagong","BD20","Khagrachhari","BD2046","Khagrachhari Sadar","BD204649","BD204649"
"Chittagong","Khagrachhari","Lakshmichhari",31,"Chittagong","BD20","Khagrachhari","BD2046","Lakshmichhari","BD204661","BD204661"
"Chittagong","Khagrachhari","Mahalchhari",21.4,"Chittagong","BD20","Khagrachhari","BD2046","Mahalchhari","BD204665","BD204665"
"Chittagong","Khagrachhari","Manikchhari",30.1,"Chittagong","BD20","Khagrachhari","BD2046","Manikchhari","BD204667","BD204667"
"Chittagong","Khagrachhari","Matiranga",28.3,"Chittagong","BD20","Khagrachhari","BD2046","Matiranga","BD204670","BD204670"
"Chittagong","Khagrachhari","Panchhari",23.4,"Chittagong","BD20","Khagrachhari","BD2046","Panchhari","BD204677","BD204677"
"Chittagong","Khagrachhari","Ramgarh",32.6,"Chittagong","BD20","Khagrachhari","BD2046","Ramgarh","BD204680","BD204680"
"Khulna","Khulna","Batiaghata",40.5,"Khulna","BD40","Khulna","BD4047","Batiaghata","BD404712","BD404712"
"Khulna","Khulna","Dacope",44.5,"Khulna","BD40","Khulna","BD4047","Dacope","BD404717","BD404717"
"Khulna","Khulna","Daulatpur",34.5,"Khulna","BD40","Khulna","BD4047","Daulatpur","BD305610","BD305610"
"Khulna","Khulna","Dighalia",39.3,"Khulna","BD40","Khulna","BD4047","Dighalia","BD404740","BD404740"
"Khulna","Khulna","Dumuria",37.2,"Khulna","BD40","Khulna","BD4047","Dumuria","BD404730","BD404730"
"Khulna","Khulna","Khalishpur",41.1,"Khulna","BD40","Khulna","BD4047","Khalishpur","BD404745","BD404745"
"Khulna","Khulna","Khan Jahan Ali",31.9,"Khulna","BD40","Khulna","BD4047","Khan Jahan Ali","BD404748","BD404748"
"Khulna","Khulna","Khulna Sadar",35.5,"Khulna","BD40","Khulna","BD4047","Khulna Sadar","BD404751","BD404751"
"Khulna","Khulna","Koyra",49.1,"Khulna","BD40","Khulna","BD4047","Koyra","BD404753","BD404753"
"Khulna","Khulna","Paikgachha",42.4,"Khulna","BD40","Khulna","BD4047","Paikgachha","BD404764","BD404764"
"Khulna","Khulna","Phultala",33.7,"Khulna","BD40","Khulna","BD4047","Phultala","BD404769","BD404769"
"Khulna","Khulna","Rupsa",36.9,"Khulna","BD40","Khulna","BD4047","Rupsa","BD404775","BD404775"
"Khulna","Khulna","Sonadanga",19.3,"Khulna","BD40","Khulna","BD4047","Sonadanga","BD404785","BD404785"
"Khulna","Khulna","Terokhada",49.6,"Khulna","BD40","Khulna","BD4047","Terokhada","BD404794","BD404794"
"Dhaka","Kishoreganj","Austagram",33.7,"Dhaka","BD30","Kishoreganj","BD3048","Austagram","BD304802","BD304802"
"Dhaka","Kishoreganj","Bajitpur",28.2,"Dhaka","BD30","Kishoreganj","BD3048","Bajitpur","BD304806","BD304806"
"Dhaka","Kishoreganj","Bhairab",33.9,"Dhaka","BD30","Kishoreganj","BD3048","Bhairab","BD304811","BD304811"
"Dhaka","Kishoreganj","Hossainpur",33,"Dhaka","BD30","Kishoreganj","BD3048","Hossainpur","BD304827","BD304827"
"Dhaka","Kishoreganj","Itna",34.9,"Dhaka","BD30","Kishoreganj","BD3048","Itna","BD304833","BD304833"
"Dhaka","Kishoreganj","Karimganj",27.1,"Dhaka","BD30","Kishoreganj","BD3048","Karimganj","BD304842","BD304842"
"Dhaka","Kishoreganj","Katiadi",31.6,"Dhaka","BD30","Kishoreganj","BD3048","Katiadi","BD304845","BD304845"
"Dhaka","Kishoreganj","Kishoreganj Sadar",27.6,"Dhaka","BD30","Kishoreganj","BD3048","Kishoreganj Sadar","BD304849","BD304849"
"Dhaka","Kishoreganj","Kuliar Char",32.7,"Dhaka","BD30","Kishoreganj","BD3048","Kuliar Char","BD304854","BD304854"
"Dhaka","Kishoreganj","Mithamain",35.2,"Dhaka","BD30","Kishoreganj","BD3048","Mithamain","BD304859","BD304859"
"Dhaka","Kishoreganj","Nikli",30,"Dhaka","BD30","Kishoreganj","BD3048","Nikli","BD304876","BD304876"
"Dhaka","Kishoreganj","Pakundia",26.1,"Dhaka","BD30","Kishoreganj","BD3048","Pakundia","BD304879","BD304879"
"Dhaka","Kishoreganj","Tarail",26.1,"Dhaka","BD30","Kishoreganj","BD3048","Tarail","BD304892","BD304892"
"Rangpur","Kurigram","Bhurungamari",65.1,"Rangpur","BD55","Kurigram","BD5549","Bhurungamari","BD554906","BD554906"
"Rangpur","Kurigram","Char Rajibpur",68.8,"Rangpur","BD55","Kurigram","BD5549","Char Rajibpur","BD554908","BD554908"
"Rangpur","Kurigram","Chilmari",61.1,"Rangpur","BD55","Kurigram","BD5549","Chilmari","BD554909","BD554909"
"Rangpur","Kurigram","Kurigram Sadar",58,"Rangpur","BD55","Kurigram","BD5549","Kurigram Sadar","BD554952","BD554952"
"Rangpur","Kurigram","Nageshwari",65,"Rangpur","BD55","Kurigram","BD5549","Nageshwari","BD554961","BD554961"
"Rangpur","Kurigram","Phulbari",68.5,"Rangpur","BD55","Kurigram","BD5549","Phulbari","BD554918","BD554918"
"Rangpur","Kurigram","Rajarhat",67.7,"Rangpur","BD55","Kurigram","BD5549","Rajarhat","BD554977","BD554977"
"Rangpur","Kurigram","Raumari",57,"Rangpur","BD55","Kurigram","BD5549","Raumari","BD554979","BD554979"
"Rangpur","Kurigram","Ulipur",65.3,"Rangpur","BD55","Kurigram","BD5549","Ulipur","BD554994","BD554994"
"Khulna","Kushtia","Bheramara",3.4,"Khulna","BD40","Kushtia","BD4050","Bheramara","BD405015","BD405015"
"Khulna","Kushtia","Daulatpur",4,"Khulna","BD40","Kushtia","BD4050","Daulatpur","BD305610","BD305610"
"Khulna","Kushtia","Khoksa",4.7,"Khulna","BD40","Kushtia","BD4050","Khoksa","BD405063","BD405063"
"Khulna","Kushtia","Kumarkhali",4,"Khulna","BD40","Kushtia","BD4050","Kumarkhali","BD405071","BD405071"
"Khulna","Kushtia","Kushtia Sadar",3,"Khulna","BD40","Kushtia","BD4050","Kushtia Sadar","BD405079","BD405079"
"Khulna","Kushtia","Mirpur",3.3,"Khulna","BD40","Kushtia","BD4050","Mirpur","BD302648","BD302648"
"Chittagong","Lakshmipur","Kamalnagar",18.7,"Chittagong","BD20","Lakshmipur","BD2051","Kamalnagar","BD205133","BD205133"
"Chittagong","Lakshmipur","Lakshmipur Sadar",45.6,"Chittagong","BD20","Lakshmipur","BD2051","Lakshmipur Sadar","BD205143","BD205143"
"Chittagong","Lakshmipur","Ramganj",21.4,"Chittagong","BD20","Lakshmipur","BD2051","Ramganj","BD205165","BD205165"
"Chittagong","Lakshmipur","Ramgati",30.4,"Chittagong","BD20","Lakshmipur","BD2051","Ramgati","BD205173","BD205173"
"Chittagong","Lakshmipur","Roypur",16.7,"Chittagong","BD20","Lakshmipur","BD2051","Roypur","BD205158","BD205158"
"Rangpur","Lalmonirhat","Aditmari",36,"Rangpur","BD55","Lalmonirhat","BD5552","Aditmari","BD555202","BD555202"
"Rangpur","Lalmonirhat","Hatibandha",38.1,"Rangpur","BD55","Lalmonirhat","BD5552","Hatibandha","BD555233","BD555233"
"Rangpur","Lalmonirhat","Kaliganj",35.3,"Rangpur","BD55","Lalmonirhat","BD5552","Kaliganj","BD303334","BD303334"
"Rangpur","Lalmonirhat","Lalmonirhat Sadar",31.3,"Rangpur","BD55","Lalmonirhat","BD5552","Lalmonirhat Sadar","BD555255","BD555255"
"Rangpur","Lalmonirhat","Patgram",33.3,"Rangpur","BD55","Lalmonirhat","BD5552","Patgram","BD555270","BD555270"
"Dhaka","Madaripur","Kalkini",33.2,"Dhaka","BD30","Madaripur","BD3054","Kalkini","BD305440","BD305440"
"Dhaka","Madaripur","Madaripur Sadar",35,"Dhaka","BD30","Madaripur","BD3054","Madaripur Sadar","BD305454","BD305454"
"Dhaka","Madaripur","Rajoir",31.4,"Dhaka","BD30","Madaripur","BD3054","Rajoir","BD305480","BD305480"
"Dhaka","Madaripur","Shib Char",38.8,"Dhaka","BD30","Madaripur","BD3054","Shib Char","BD305487","BD305487"
"Khulna","Magura","Magura Sadar",43,"Khulna","BD40","Magura","BD4055","Magura Sadar","BD405557","BD405557"
"Khulna","Magura","Mohammadpur",50.8,"Khulna","BD40","Magura","BD4055","Mohammadpur","BD302650","BD302650"
"Khulna","Magura","Shalikha",44.2,"Khulna","BD40","Magura","BD4055","Shalikha","BD405585","BD405585"
"Khulna","Magura","Sreepur",45,"Khulna","BD40","Magura","BD4055","Sreepur","BD303386","BD303386"
"Dhaka","Manikganj","Daulatpur",29.4,"Dhaka","BD30","Manikganj","BD3056","Daulatpur","BD305610","BD305610"
"Dhaka","Manikganj","Ghior",13.7,"Dhaka","BD30","Manikganj","BD3056","Ghior","BD305622","BD305622"
"Dhaka","Manikganj","Harirampur",18.1,"Dhaka","BD30","Manikganj","BD3056","Harirampur","BD305628","BD305628"
"Dhaka","Manikganj","Manikganj Sadar",18.7,"Dhaka","BD30","Manikganj","BD3056","Manikganj Sadar","BD305646","BD305646"
"Dhaka","Manikganj","Saturia",15,"Dhaka","BD30","Manikganj","BD3056","Saturia","BD305670","BD305670"
"Dhaka","Manikganj","Shibalaya",15.8,"Dhaka","BD30","Manikganj","BD3056","Shibalaya","BD305678","BD305678"
"Dhaka","Manikganj","Singair",18.1,"Dhaka","BD30","Manikganj","BD3056","Singair","BD305682","BD305682"
"Sylhet","Maulvibazar","Barlekha",25.7,"Sylhet","BD60","Maulvibazar","BD6058","Barlekha","BD605814","BD605814"
"Sylhet","Maulvibazar","Juri",36.3,"Sylhet","BD60","Maulvibazar","BD6058","Juri","BD605835","BD605835"
"Sylhet","Maulvibazar","Kamalganj",26.7,"Sylhet","BD60","Maulvibazar","BD6058","Kamalganj","BD605856","BD605856"
"Sylhet","Maulvibazar","Kulaura",28.1,"Sylhet","BD60","Maulvibazar","BD6058","Kulaura","BD605865","BD605865"
"Sylhet","Maulvibazar","Maulvibazar Sadar",16.7,"Sylhet","BD60","Maulvibazar","BD6058","Maulvi Bazar Sadar","","BD605874"
"Sylhet","Maulvibazar","Rajnagar",22.3,"Sylhet","BD60","Maulvibazar","BD6058","Rajnagar","BD605880","BD605880"
"Sylhet","Maulvibazar","Sreemangal",29.3,"Sylhet","BD60","Maulvibazar","BD6058","Sreemangal","BD605883","BD605883"
"Khulna","Meherpur","Gangni",15.8,"Khulna","BD40","Meherpur","BD4057","Gangni","BD405747","BD405747"
"Khulna","Meherpur","Meherpur Sadar",15.1,"Khulna","BD40","Meherpur","BD4057","Meherpur Sadar","BD405787","BD405787"
"Khulna","Meherpur","Mujib Nagar",13.6,"Khulna","BD40","Meherpur","BD4057","Mujib Nagar","BD405760","BD405760"
"Dhaka","Munshiganj","Gazaria",26.8,"Dhaka","BD30","Munshiganj","BD3059","Gazaria","BD305924","BD305924"
"Dhaka","Munshiganj","Lohajang",33.6,"Dhaka","BD30","Munshiganj","BD3059","Lohajang","BD305944","BD305944"
"Dhaka","Munshiganj","Munshiganj Sadar",30.8,"Dhaka","BD30","Munshiganj","BD3059","Munshiganj Sadar","BD305956","BD305956"
"Dhaka","Munshiganj","Serajdikhan",28.8,"Dhaka","BD30","Munshiganj","BD3059","Serajdikhan","BD305974","BD305974"
"Dhaka","Munshiganj","Sreenagar",26.3,"Dhaka","BD30","Munshiganj","BD3059","Sreenagar","BD305984","BD305984"
"Dhaka","Munshiganj","Tongibari",25.1,"Dhaka","BD30","Munshiganj","BD3059","Tongibari","BD305994","BD305994"
"Dhaka","Mymensingh","Bhaluka",31.1,"Dhaka","BD30","Mymensingh","BD4561","Bhaluka","BD456113","BD456113"
"Dhaka","Mymensingh","Dhobaura",58.2,"Dhaka","BD30","Mymensingh","BD4561","Dhobaura","BD456116","BD456116"
"Dhaka","Mymensingh","Fulbaria",52.6,"Dhaka","BD30","Mymensingh","BD4561","Fulbaria","BD456120","BD456120"
"Dhaka","Mymensingh","Gaffargaon",43.9,"Dhaka","BD30","Mymensingh","BD4561","Gaffargaon","BD456122","BD456122"
"Dhaka","Mymensingh","Gauripur",50.6,"Dhaka","BD30","Mymensingh","BD4561","Gauripur","BD456123","BD456123"
"Dhaka","Mymensingh","Haluaghat",50.3,"Dhaka","BD30","Mymensingh","BD4561","Haluaghat","BD456124","BD456124"
"Dhaka","Mymensingh","Ishwarganj",56,"Dhaka","BD30","Mymensingh","BD4561","Ishwarganj","BD456131","BD456131"
"Dhaka","Mymensingh","Muktagachha",43.3,"Dhaka","BD30","Mymensingh","BD4561","Muktagachha","BD456165","BD456165"
"Dhaka","Mymensingh","Mymensingh Sadar",52.3,"Dhaka","BD30","Mymensingh","BD4561","Mymensingh Sadar","BD456152","BD456152"
"Dhaka","Mymensingh","Nandail",60.7,"Dhaka","BD30","Mymensingh","BD4561","Nandail","BD456172","BD456172"
"Dhaka","Mymensingh","Phulpur",58.8,"Dhaka","BD30","Mymensingh","BD4561","Phulpur","BD456181","BD456181"
"Dhaka","Mymensingh","Trishal",47.8,"Dhaka","BD30","Mymensingh","BD4561","Trishal","BD456194","BD456194"
"Rajshahi","Naogaon","Atrai",13.5,"Rajshahi","BD50","Naogaon","BD5064","Atrai","BD506403","BD506403"
"Rajshahi","Naogaon","Badalgachhi",15,"Rajshahi","BD50","Naogaon","BD5064","Badalgachhi","BD506406","BD506406"
"Rajshahi","Naogaon","Dhamoirhat",17.9,"Rajshahi","BD50","Naogaon","BD5064","Dhamoirhat","BD506428","BD506428"
"Rajshahi","Naogaon","Mahadebpur",15.6,"Rajshahi","BD50","Naogaon","BD5064","Mahadebpur","BD506450","BD506450"
"Rajshahi","Naogaon","Manda",14.7,"Rajshahi","BD50","Naogaon","BD5064","Manda","BD506447","BD506447"
"Rajshahi","Naogaon","Naogaon Sadar",17.4,"Rajshahi","BD50","Naogaon","BD5064","Naogaon Sadar","BD506460","BD506460"
"Rajshahi","Naogaon","Niamatpur",19.4,"Rajshahi","BD50","Naogaon","BD5064","Niamatpur","BD506469","BD506469"
"Rajshahi","Naogaon","Patnitala",18.6,"Rajshahi","BD50","Naogaon","BD5064","Patnitala","BD506475","BD506475"
"Rajshahi","Naogaon","Porsha",21.7,"Rajshahi","BD50","Naogaon","BD5064","Porsha","BD506479","BD506479"
"Rajshahi","Naogaon","Raninagar",13.3,"Rajshahi","BD50","Naogaon","BD5064","Raninagar","BD506485","BD506485"
"Rajshahi","Naogaon","Sapahar",21.4,"Rajshahi","BD50","Naogaon","BD5064","Sapahar","BD506486","BD506486"
"Khulna","Narail","Kalia",23.3,"Khulna","BD40","Narail","BD4065","Kalia","BD406528","BD406528"
"Khulna","Narail","Lohagara",19.9,"Khulna","BD40","Narail","BD4065","Lohagara","BD201547","BD201547"
"Khulna","Narail","Narail Sadar",17.3,"Khulna","BD40","Narail","BD4065","Narail Sadar","BD406576","BD406576"
"Dhaka","Narayanganj","Araihazar",34.4,"Dhaka","BD30","Narayanganj","BD3067","Araihazar","BD306702","BD306702"
"Dhaka","Narayanganj","Bandar",20.9,"Dhaka","BD30","Narayanganj","BD3067","Bandar","BD306706","BD306706"
"Dhaka","Narayanganj","Narayanganj Sadar",27.9,"Dhaka","BD30","Narayanganj","BD3067","Narayanganj Sadar","BD306758","BD306758"
"Dhaka","Narayanganj","Rupganj",22.5,"Dhaka","BD30","Narayanganj","BD3067","Rupganj","BD306768","BD306768"
"Dhaka","Narayanganj","Sonargaon",21.3,"Dhaka","BD30","Narayanganj","BD3067","Sonargaon","BD306704","BD306704"
"Dhaka","Narsingdi","Belabo",21.9,"Dhaka","BD30","Narsingdi","BD3068","Belabo","BD306807","BD306807"
"Dhaka","Narsingdi","Manohardi",22.7,"Dhaka","BD30","Narsingdi","BD3068","Manohardi","BD306852","BD306852"
"Dhaka","Narsingdi","Narsingdi Sadar",22.8,"Dhaka","BD30","Narsingdi","BD3068","Narsingdi Sadar","BD306860","BD306860"
"Dhaka","Narsingdi","Palash",22.2,"Dhaka","BD30","Narsingdi","BD3068","Palash","BD306863","BD306863"
"Dhaka","Narsingdi","Roypura",29.4,"Dhaka","BD30","Narsingdi","BD3068","Roypura","BD306864","BD306864"
"Dhaka","Narsingdi","Shibpur",18.9,"Dhaka","BD30","Narsingdi","BD3068","Shibpur","BD306876","BD306876"
"Rajshahi","Natore","Bagatipara",31.6,"Rajshahi","BD50","Natore","BD5069","Bagati Para","Bagati Para","BD506909"
"Rajshahi","Natore","Baraigram",36.1,"Rajshahi","BD50","Natore","BD5069","Baraigram","BD506915","BD506915"
"Rajshahi","Natore","Gurudaspur",37,"Rajshahi","BD50","Natore","BD5069","Gurudaspur","BD506941","BD506941"
"Rajshahi","Natore","Lalpur",35.7,"Rajshahi","BD50","Natore","BD5069","Lalpur","BD506944","BD506944"
"Rajshahi","Natore","Natore Sadar",31.8,"Rajshahi","BD50","Natore","BD5069","Natore Sadar","BD506963","BD506963"
"Rajshahi","Natore","Singra",37.8,"Rajshahi","BD50","Natore","BD5069","Singra","BD506991","BD506991"
"Dhaka","Netrakona","Atpara",31.6,"Dhaka","BD30","Netrakona","BD4572","Atpara","BD457204","BD457204"
"Dhaka","Netrakona","Barhatta",35.2,"Dhaka","BD30","Netrakona","BD4572","Barhatta","BD457209","BD457209"
"Dhaka","Netrakona","Durgapur",30.2,"Dhaka","BD30","Netrakona","BD4572","Durgapur","BD457218","BD457218"
"Dhaka","Netrakona","Kalmakanda",37.6,"Dhaka","BD30","Netrakona","BD4572","Kalmakanda","BD457240","BD457240"
"Dhaka","Netrakona","Kendua",40.9,"Dhaka","BD30","Netrakona","BD4572","Kendua","BD457247","BD457247"
"Dhaka","Netrakona","Khaliajuri",37.2,"Dhaka","BD30","Netrakona","BD4572","Khaliajuri","BD457238","BD457238"
"Dhaka","Netrakona","Madan",41.6,"Dhaka","BD30","Netrakona","BD4572","Madan","BD457256","BD457256"
"Dhaka","Netrakona","Mohanganj",34.3,"Dhaka","BD30","Netrakona","BD4572","Mohanganj","BD457263","BD457263"
"Dhaka","Netrakona","Netrokona Sadar",30.8,"Dhaka","BD30","Netrakona","BD4572","Netrokona Sadar","BD457274","BD457274"
"Dhaka","Netrakona","Purbadhala",35.4,"Dhaka","BD30","Netrakona","BD4572","Purbadhala","BD457283","BD457283"
"Rangpur","Nilphamari","Dimla",35.2,"Rangpur","BD55","Nilphamari","BD5573","Dimla","BD557312","BD557312"
"Rangpur","Nilphamari","Domar",31.3,"Rangpur","BD55","Nilphamari","BD5573","Domar","BD557315","BD557315"
"Rangpur","Nilphamari","Jaldhaka",43.5,"Rangpur","BD55","Nilphamari","BD5573","Jaldhaka","BD557336","BD557336"
"Rangpur","Nilphamari","Kishoreganj",30.9,"Rangpur","BD55","Nilphamari","BD5573","Kishoreganj","BD557345","BD557345"
"Rangpur","Nilphamari","Nilphamari Sadar",36.4,"Rangpur","BD55","Nilphamari","BD5573","Nilphamari Sadar","BD557364","BD557364"
"Rangpur","Nilphamari","Saidpur",27.7,"Rangpur","BD55","Nilphamari","BD5573","Saidpur","BD557385","BD557385"
"Chittagong","Noakhali","Begumganj",5.9,"Chittagong","BD20","Noakhali","BD2075","Begumganj","BD207507","BD207507"
"Chittagong","Noakhali","Chatkhil",4.8,"Chittagong","BD20","Noakhali","BD2075","Chatkhil","BD207510","BD207510"
"Chittagong","Noakhali","Companiganj",7.6,"Chittagong","BD20","Noakhali","BD2075","Companiganj","BD207521","BD207521"
"Chittagong","Noakhali","Hatiya",16,"Chittagong","BD20","Noakhali","BD2075","Hatiya","BD207536","BD207536"
"Chittagong","Noakhali","Kabirhat",12.4,"Chittagong","BD20","Noakhali","BD2075","Kabirhat","BD207547","BD207547"
"Chittagong","Noakhali","Noakhali Sadar",10.2,"Chittagong","BD20","Noakhali","BD2075","Senbagh","Senbagh","BD207580"
"Chittagong","Noakhali","Senbagh",5.4,"Chittagong","BD20","Noakhali","BD2075","Senbagh","BD207580","BD207580"
"Chittagong","Noakhali","Sonaimuri",5,"Chittagong","BD20","Noakhali","BD2075","Sonaimuri","BD207583","BD207583"
"Chittagong","Noakhali","Subarnachar",18.7,"Chittagong","BD20","Noakhali","BD2075","Subarnachar","BD207585","BD207585"
"Rajshahi","Pabna","Atgharia",31.2,"Rajshahi","BD50","Pabna","BD5076","Atgharia","BD507605","BD507605"
"Rajshahi","Pabna","Bera",39.4,"Rajshahi","BD50","Pabna","BD5076","Bera","BD507616","BD507616"
"Rajshahi","Pabna","Bhangura",33.5,"Rajshahi","BD50","Pabna","BD5076","Bhangura","BD507619","BD507619"
"Rajshahi","Pabna","Chatmohar",31.4,"Rajshahi","BD50","Pabna","BD5076","Chatmohar","BD507622","BD507622"
"Rajshahi","Pabna","Faridpur",31.5,"Rajshahi","BD50","Pabna","BD5076","Faridpur","BD507633","BD507633"
"Rajshahi","Pabna","Ishwardi",26.2,"Rajshahi","BD50","Pabna","BD5076","Ishwardi","BD507639","BD507639"
"Rajshahi","Pabna","Pabna Sadar",27.8,"Rajshahi","BD50","Pabna","BD5076","Pabna Sadar","BD507655","BD507655"
"Rajshahi","Pabna","Santhia",33.1,"Rajshahi","BD50","Pabna","BD5076","Santhia","BD507672","BD507672"
"Rajshahi","Pabna","Sujanagar",35.4,"Rajshahi","BD50","Pabna","BD5076","Sujanagar","BD507683","BD507683"
"Rangpur","Panchagarh","Atwari",24.1,"Rangpur","BD55","Panchagarh","BD5577","Atwari","BD557704","BD557704"
"Rangpur","Panchagarh","Boda",26.6,"Rangpur","BD55","Panchagarh","BD5577","Boda","BD557725","BD557725"
"Rangpur","Panchagarh","Debiganj",34.2,"Rangpur","BD55","Panchagarh","BD5577","Debiganj","BD557734","BD557734"
"Rangpur","Panchagarh","Panchagarh Sadar",24.2,"Rangpur","BD55","Panchagarh","BD5577","Panchagarh Sadar","BD557773","BD557773"
"Rangpur","Panchagarh","Tentulia",21.5,"Rangpur","BD55","Panchagarh","BD5577","Tentulia","BD557790","BD557790"
"Barisal","Patuakhali","Bauphal",24,"Barisal","BD10","Patuakhali","BD1078","Bauphal","BD107838","BD107838"
"Barisal","Patuakhali","Dashmina",21.8,"Barisal","BD10","Patuakhali","BD1078","Dashmina","BD107852","BD107852"
"Barisal","Patuakhali","Dumki",22,"Barisal","BD10","Patuakhali","BD1078","Dumki","BD107855","BD107855"
"Barisal","Patuakhali","Galachipa",26,"Barisal","BD10","Patuakhali","BD1078","Galachipa","BD107857","BD107857"
"Barisal","Patuakhali","Kala Para",20.3,"Barisal","BD10","Patuakhali","BD1078","Kala Para","BD107866","BD107866"
"Barisal","Patuakhali","Mirzaganj",17.8,"Barisal","BD10","Patuakhali","BD1078","Mirzaganj","BD107876","BD107876"
"Barisal","Patuakhali","Patuakhali Sadar",36.9,"Barisal","BD10","Patuakhali","BD1078","Patuakhali Sadar","BD107895","BD107895"
"Barisal","Pirojpur","Bhandaria",42,"Barisal","BD10","Pirojpur","BD1079","Bhandaria","BD107914","BD107914"
"Barisal","Pirojpur","Kawkhali",52.2,"Barisal","BD10","Pirojpur","BD1079","Kawkhali","BD107947","BD107947"
"Barisal","Pirojpur","Mathbaria",38,"Barisal","BD10","Pirojpur","BD1079","Mathbaria","BD107958","BD107958"
"Barisal","Pirojpur","Nazirpur",51.5,"Barisal","BD10","Pirojpur","BD1079","Nazirpur","BD107976","BD107976"
"Barisal","Pirojpur","Nesarabad (Swarupkati)",43.3,"Barisal","BD10","Pirojpur","BD1079","Nesarabad (Swarupkati)","BD107987","BD107987"
"Barisal","Pirojpur","Pirojpur Sadar",42.7,"Barisal","BD10","Pirojpur","BD1079","Pirojpur Sadar","BD107980","BD107980"
"Barisal","Pirojpur","Zianagar",49.1,"Barisal","BD10","Pirojpur","BD1079","Zianagar","BD107990","BD107990"
"Dhaka","Rajbari","Baliakandi",39.7,"Dhaka","BD30","Rajbari","BD3082","Balia Kandi","","BD308207"
"Dhaka","Rajbari","Goalanda",50.5,"Dhaka","BD30","Rajbari","BD3082","Goalandaghat","","BD308229"
"Dhaka","Rajbari","Kalukhali",39.6,"Dhaka","BD30","Rajbari","BD3082","Kalukhali","BD308247","BD308247"
"Dhaka","Rajbari","Pangsha",45.7,"Dhaka","BD30","Rajbari","BD3082","Pangsha","BD308273","BD308273"
"Dhaka","Rajbari","Rajbari Sadar",38.7,"Dhaka","BD30","Rajbari","BD3082","Rajbari Sadar","BD308276","BD308276"
"Rajshahi","Rajshahi","Bagha",33.6,"Rajshahi","BD50","Rajshahi","BD5081","Bagha","BD508110","BD508110"
"Rajshahi","Rajshahi","Baghmara",29.4,"Rajshahi","BD50","Rajshahi","BD5081","Baghmara","BD508112","BD508112"
"Rajshahi","Rajshahi","Boalia",24.1,"Rajshahi","BD50","Rajshahi","BD5081","Boalia","BD508122","BD508122"
"Rajshahi","Rajshahi","Charghat",31.4,"Rajshahi","BD50","Rajshahi","BD5081","Charghat","BD508125","BD508125"
"Rajshahi","Rajshahi","Durgapur",25.7,"Rajshahi","BD50","Rajshahi","BD5081","Durgapur","BD457218","BD457218"
"Rajshahi","Rajshahi","Godagari",44.1,"Rajshahi","BD50","Rajshahi","BD5081","Godagari","BD508134","BD508134"
"Rajshahi","Rajshahi","Matihar",33.3,"Rajshahi","BD50","Rajshahi","BD5081","Matihar","BD508140","BD508140"
"Rajshahi","Rajshahi","Mohanpur",24.9,"Rajshahi","BD50","Rajshahi","BD5081","Mohanpur","BD508153","BD508153"
"Rajshahi","Rajshahi","Paba",33.4,"Rajshahi","BD50","Rajshahi","BD5081","Paba","BD508172","BD508172"
"Rajshahi","Rajshahi","Puthia",26.8,"Rajshahi","BD50","Rajshahi","BD5081","Puthia","BD508182","BD508182"
"Rajshahi","Rajshahi","Rajpara",24.4,"Rajshahi","BD50","Rajshahi","BD5081","Rajpara","BD508185","BD508185"
"Rajshahi","Rajshahi","Shah Makhdum",30.9,"Rajshahi","BD50","Rajshahi","BD5081","Shah Makhdum","BD508190","BD508190"
"Rajshahi","Rajshahi","Tanore",35.7,"Rajshahi","BD50","Rajshahi","BD5081","Tanore","BD508194","BD508194"
"Chittagong","Rangamati","Baghaichhari",24.8,"Chittagong","BD20","Rangamati","BD2084","Barkal","","BD208421"
"Chittagong","Rangamati","Barkal",26.1,"Chittagong","BD20","Rangamati","BD2084","Barkal","BD208421","BD208421"
"Chittagong","Rangamati","Belai Chhari",34.7,"Chittagong","BD20","Rangamati","BD2084","Belai Chhari","BD208429","BD208429"
"Chittagong","Rangamati","Jurai Chhari",19.3,"Chittagong","BD20","Rangamati","BD2084","Jurai Chhari","BD208447","BD208447"
"Chittagong","Rangamati","Kaptai",12.2,"Chittagong","BD20","Rangamati","BD2084","Kaptai","BD208436","BD208436"
"Chittagong","Rangamati","Kawkhali (Betbunia)",23.4,"Chittagong","BD20","Rangamati","BD2084","Kawkhali (Betbunia)","BD208425","BD208425"
"Chittagong","Rangamati","Langadu",29.3,"Chittagong","BD20","Rangamati","BD2084","Langadu","BD208458","BD208458"
"Chittagong","Rangamati","Naniarchar",21.2,"Chittagong","BD20","Rangamati","BD2084","Naniarchar","BD208475","BD208475"
"Chittagong","Rangamati","Rajasthali",20.5,"Chittagong","BD20","Rangamati","BD2084","Rajasthali","BD208478","BD208478"
"Chittagong","Rangamati","Rangamati Sadar",7.3,"Chittagong","BD20","Rangamati","BD2084","Rangamati Sadar","BD208487","BD208487"
"Rangpur","Rangpur","Badarganj",48.3,"Rangpur","BD55","Rangpur","BD5585","Badarganj","BD558503","BD558503"
"Rangpur","Rangpur","Gangachara",58.3,"Rangpur","BD55","Rangpur","BD5585","Gangachara","BD558527","BD558527"
"Rangpur","Rangpur","Kaunia",45,"Rangpur","BD55","Rangpur","BD5585","Kaunia","BD558542","BD558542"
"Rangpur","Rangpur","Mitha Pukur",45.4,"Rangpur","BD55","Rangpur","BD5585","Mitha Pukur","BD558558","BD558558"
"Rangpur","Rangpur","Pirgachha",49.7,"Rangpur","BD55","Rangpur","BD5585","Pirgachha","BD558573","BD558573"
"Rangpur","Rangpur","Pirganj",46.9,"Rangpur","BD55","Rangpur","BD5585","Pirganj","BD558576","BD558576"
"Rangpur","Rangpur","Rangpur Sadar",37.1,"Rangpur","BD55","Rangpur","BD5585","Rangpur Sadar","BD558549","BD558549"
"Rangpur","Rangpur","Taraganj",52.4,"Rangpur","BD55","Rangpur","BD5585","Taraganj","BD558592","BD558592"
"Khulna","Satkhira","Assasuni",48.4,"Khulna","BD40","Satkhira","BD4087","Assasuni","BD408704","BD408704"
"Khulna","Satkhira","Debhata",43.1,"Khulna","BD40","Satkhira","BD4087","Debhata","BD408725","BD408725"
"Khulna","Satkhira","Kalaroa",46,"Khulna","BD40","Satkhira","BD4087","Kalaroa","BD408743","BD408743"
"Khulna","Satkhira","Kaliganj",48,"Khulna","BD40","Satkhira","BD4087","Kaliganj","BD303334","BD303334"
"Khulna","Satkhira","Satkhira Sadar",43.1,"Khulna","BD40","Satkhira","BD4087","Satkhira Sadar","BD408782","BD408782"
"Khulna","Satkhira","Shyamnagar",50.2,"Khulna","BD40","Satkhira","BD4087","Shyamnagar","BD408786","BD408786"
"Khulna","Satkhira","Tala",45.2,"Khulna","BD40","Satkhira","BD4087","Tala","BD408790","BD408790"
"Dhaka","Shariatpur","Bhedarganj",56.3,"Dhaka","BD30","Shariatpur","BD3086","Bhedarganj","BD308614","BD308614"
"Dhaka","Shariatpur","Damudya",47.9,"Dhaka","BD30","Shariatpur","BD3086","Damudya","BD308625","BD308625"
"Dhaka","Shariatpur","Gosairhat",58.3,"Dhaka","BD30","Shariatpur","BD3086","Gosairhat","BD308636","BD308636"
"Dhaka","Shariatpur","Naria",48.1,"Dhaka","BD30","Shariatpur","BD3086","Naria","BD308665","BD308665"
"Dhaka","Shariatpur","Shariatpur Sadar",49.8,"Dhaka","BD30","Shariatpur","BD3086","Shariatpur Sadar","BD308669","BD308669"
"Dhaka","Shariatpur","Zanjira",54,"Dhaka","BD30","Shariatpur","BD3086","Zanjira","BD308694","BD308694"
"Dhaka","Sherpur","Jhenaigati",36.9,"Dhaka","BD30","Sherpur","BD4589","Jhenaigati","BD458937","BD458937"
"Dhaka","Sherpur","Nakla",46.8,"Dhaka","BD30","Sherpur","BD4589","Nakla","BD458967","BD458967"
"Dhaka","Sherpur","Nalitabari",41.8,"Dhaka","BD30","Sherpur","BD4589","Nalitabari","BD458970","BD458970"
"Dhaka","Sherpur","Sherpur Sadar",55.8,"Dhaka","BD30","Sherpur","BD4589","Sherpur Sadar","BD458988","BD458988"
"Dhaka","Sherpur","Sreebardi",49.1,"Dhaka","BD30","Sherpur","BD4589","Sreebardi","BD458990","BD458990"
"Rajshahi","Sirajganj","Belkuchi",42.5,"Rajshahi","BD50","Sirajganj","BD5088","Belkuchi","BD508811","BD508811"
"Rajshahi","Sirajganj","Chauhali",45.5,"Rajshahi","BD50","Sirajganj","BD5088","Chauhali","BD508827","BD508827"
"Rajshahi","Sirajganj","Kamarkhanda",32.5,"Rajshahi","BD50","Sirajganj","BD5088","Kamarkhanda","BD508844","BD508844"
"Rajshahi","Sirajganj","Kazipur",36.2,"Rajshahi","BD50","Sirajganj","BD5088","Kazipur","BD508850","BD508850"
"Rajshahi","Sirajganj","Royganj",39.4,"Rajshahi","BD50","Sirajganj","BD5088","Royganj","BD508861","BD508861"
"Rajshahi","Sirajganj","Shahjadpur",41.8,"Rajshahi","BD50","Sirajganj","BD5088","Shahjadpur","BD508867","BD508867"
"Rajshahi","Sirajganj","Sirajganj Sadar",36.7,"Rajshahi","BD50","Sirajganj","BD5088","Sirajganj Sadar","BD508878","BD508878"
"Rajshahi","Sirajganj","Tarash",35.8,"Rajshahi","BD50","Sirajganj","BD5088","Tarash","BD508889","BD508889"
"Rajshahi","Sirajganj","Ullah Para",36.6,"Rajshahi","BD50","Sirajganj","BD5088","Ullah Para","BD508894","BD508894"
"Sylhet","Sunamganj","Bishwambarpur",30.4,"Sylhet","BD60","Sunamganj","BD6090","Bishwambarpur","BD609018","BD609018"
"Sylhet","Sunamganj","Chhatak",23.6,"Sylhet","BD60","Sunamganj","BD6090","Chhatak","BD609023","BD609023"
"Sylhet","Sunamganj","Dakshin Sunamganj",24.4,"Sylhet","BD60","Sunamganj","BD6090","Dakshin Sunamganj","BD609027","BD609027"
"Sylhet","Sunamganj","Derai",26.2,"Sylhet","BD60","Sunamganj","BD6090","Derai","BD609029","BD609029"
"Sylhet","Sunamganj","Dharampasha",25.5,"Sylhet","BD60","Sunamganj","BD6090","Dharampasha","BD609032","BD609032"
"Sylhet","Sunamganj","Dowarabazar",29.9,"Sylhet","BD60","Sunamganj","BD6090","Dowarabazar","BD609033","BD609033"
"Sylhet","Sunamganj","Jagannathpur",21,"Sylhet","BD60","Sunamganj","BD6090","Jagannathpur","BD609047","BD609047"
"Sylhet","Sunamganj","Jamalganj",24.6,"Sylhet","BD60","Sunamganj","BD6090","Jamalganj","BD609050","BD609050"
"Sylhet","Sunamganj","Sulla",28.3,"Sylhet","BD60","Sunamganj","BD6090","Sulla","BD609086","BD609086"
"Sylhet","Sunamganj","Sunamganj Sadar",25.1,"Sylhet","BD60","Sunamganj","BD6090","Sunamganj Sadar","BD609089","BD609089"
"Sylhet","Sunamganj","Tahirpur",31.2,"Sylhet","BD60","Sunamganj","BD6090","Tahirpur","BD609092","BD609092"
"Sylhet","Sylhet","Balaganj",19.7,"Sylhet","BD60","Sylhet","BD6091","Balaganj","BD609108","BD609108"
"Sylhet","Sylhet","Beani Bazar",15.9,"Sylhet","BD60","Sylhet","BD6091","Beani Bazar","BD609117","BD609117"
"Sylhet","Sylhet","Bishwanath",12.5,"Sylhet","BD60","Sylhet","BD6091","Bishwanath","BD609120","BD609120"
"Sylhet","Sylhet","Companiganj",34.5,"Sylhet","BD60","Sylhet","BD6091","Companiganj","BD207521","BD207521"
"Sylhet","Sylhet","Dakshin Surma",10.3,"Sylhet","BD60","Sylhet","BD6091","Dakshin Surma","BD609131","BD609131"
"Sylhet","Sylhet","Fenchuganj",16.9,"Sylhet","BD60","Sylhet","BD6091","Fenchuganj","BD609135","BD609135"
"Sylhet","Sylhet","Golapganj",14.9,"Sylhet","BD60","Sylhet","BD6091","Gopalganj Sadar","","BD303532"
"Sylhet","Sylhet","Gowainghat",52.6,"Sylhet","BD60","Sylhet","BD6091","Gowainghat","BD609141","BD609141"
"Sylhet","Sylhet","Jaintiapur",34.7,"Sylhet","BD60","Sylhet","BD6091","Jaintiapur","BD609153","BD609153"
"Sylhet","Sylhet","Kanaighat",45.8,"Sylhet","BD60","Sylhet","BD6091","Kanaighat","BD609159","BD609159"
"Sylhet","Sylhet","Sylhet Sadar",14.3,"Sylhet","BD60","Sylhet","BD6091","Sylhet Sadar","BD609162","BD609162"
"Sylhet","Sylhet","Zakiganj",39,"Sylhet","BD60","Sylhet","BD6091","Zakiganj","BD609194","BD609194"
"Dhaka","Tangail","Basail",19.7,"Dhaka","BD30","Tangail","BD3093","Basail","BD309309","BD309309"
"Dhaka","Tangail","Bhuapur",34.4,"Dhaka","BD30","Tangail","BD3093","Bhuapur","BD309319","BD309319"
"Dhaka","Tangail","Delduar",24.3,"Dhaka","BD30","Tangail","BD3093","Delduar","BD309323","BD309323"
"Dhaka","Tangail","Dhanbari",37,"Dhaka","BD30","Tangail","BD3093","Dhanbari","BD309325","BD309325"
"Dhaka","Tangail","Ghatail",28.7,"Dhaka","BD30","Tangail","BD3093","Ghatail","BD309328","BD309328"
"Dhaka","Tangail","Gopalpur",29.3,"Dhaka","BD30","Tangail","BD3093","Gopalpur","BD309338","BD309338"
"Dhaka","Tangail","Kalihati",23.5,"Dhaka","BD30","Tangail","BD3093","Kalihati","BD309347","BD309347"
"Dhaka","Tangail","Madhupur",36.4,"Dhaka","BD30","Tangail","BD3093","Madhupur","BD309357","BD309357"
"Dhaka","Tangail","Mirzapur",26.7,"Dhaka","BD30","Tangail","BD3093","Mirzapur","BD309366","BD309366"
"Dhaka","Tangail","Nagarpur",39.9,"Dhaka","BD30","Tangail","BD3093","Nagarpur","BD309376","BD309376"
"Dhaka","Tangail","Sakhipur",26,"Dhaka","BD30","Tangail","BD3093","Sakhipur","BD309385","BD309385"
"Dhaka","Tangail","Tangail Sadar",31.7,"Dhaka","BD30","Tangail","BD3093","Tangail Sadar","BD309395","BD309395"
"Rangpur","Thakurgaon","Baliadangi",26.5,"Rangpur","BD55","Thakurgaon","BD5594","Baliadangi","BD559408","BD559408"
"Rangpur","Thakurgaon","Haripur",29.7,"Rangpur","BD55","Thakurgaon","BD5594","Haripur","BD559451","BD559451"
"Rangpur","Thakurgaon","Pirganj",23.3,"Rangpur","BD55","Thakurgaon","BD5594","Pirganj","BD558576","BD558576"
"Rangpur","Thakurgaon","Ranisankail",25.8,"Rangpur","BD55","Thakurgaon","BD5594","Ranisankail","BD559486","BD559486"
"Rangpur","Thakurgaon","Thakurgaon Sadar",28.6,"Rangpur","BD55","Thakurgaon","BD5594","Thakurgaon Sadar","BD559494","BD559494"
"Chittagong","Brahmanbaria","Akhaura",26.9,"Chittagong","BD20","Brahmanbaria","","Akhaura","BD201202","BD201202"
"Chittagong","Brahmanbaria","Ashuganj",21.8,"Chittagong","BD20","Brahmanbaria","","Ashuganj","BD201233","BD201233"
"Chittagong","Brahmanbaria","Banchharampur",27.3,"Chittagong","BD20","Brahmanbaria","","Banchharampur","BD201204","BD201204"
"Chittagong","Brahmanbaria","Bijoynagar",35.8,"Chittagong","BD20","Brahmanbaria","","Bijoynagar","BD201207","BD201207"
"Chittagong","Brahmanbaria","Brahmanbaria Sadar",26,"Chittagong","BD20","Brahmanbaria","","Brahmanbaria Sadar","BD201213","BD201213"
"Chittagong","Cox'S Bazar","Chakaria",28.5,"Chittagong","BD20","Cox'S Bazar","BD2022","Chakaria","BD202216","BD202216"
"Chittagong","Cox'S Bazar","Cox'S Bazar Sadar",26.2,"Chittagong","BD20","Cox'S Bazar","BD2022","Cox's Bazar Sadar","","BD202224"
"Chittagong","Brahmanbaria","Kasba",25.5,"Chittagong","BD20","Brahmanbaria","","Kasba","BD201263","BD201263"
"Chittagong","Cox'S Bazar","Kutubdia",31.1,"Chittagong","BD20","Cox'S Bazar","BD2022","Kutubdia","BD202245","BD202245"
"Chittagong","Cox'S Bazar","Maheshkhali",40.2,"Chittagong","BD20","Cox'S Bazar","BD2022","Maheshkhali","BD202249","BD202249"
"Chittagong","Brahmanbaria","Nabinagar",30.5,"Chittagong","BD20","Brahmanbaria","","Nabinagar","BD201285","BD201285"
"Chittagong","Brahmanbaria","Nasirnagar",43.7,"Chittagong","BD20","Brahmanbaria","","Nasirnagar","BD201290","BD201290"
"Chittagong","Cox'S Bazar","Pekua",30.9,"Chittagong","BD20","Cox'S Bazar","BD2022","Pekua","BD202256","BD202256"
"Chittagong","Cox'S Bazar","Ramu",34.3,"Chittagong","BD20","Cox'S Bazar","BD2022","Ramu","BD202266","BD202266"
"Chittagong","Brahmanbaria","Sarail",31.1,"Chittagong","BD20","Brahmanbaria","","Sarail","BD201294","BD201294"
"Chittagong","Cox'S Bazar","Teknaf",38.2,"Chittagong","BD20","Cox'S Bazar","BD2022","Teknaf","BD202290","BD202290"
"Chittagong","Cox'S Bazar","Ukhia",37.8,"Chittagong","BD20","Cox'S Bazar","BD2022","Ukhia","BD202294","BD202294"
"Rajshahi","Chapai Nababganj","Bholahat",20.8,"Rajshahi","BD50","Nawabganj","BD5070","Bholahat","BD507018","BD507018"
"Rajshahi","Chapai Nababganj","Chapai Nababganj Sadar",25.4,"Rajshahi","BD50","Nawabganj","BD5070","Nawabganj Sadar","","BD507066"
"Rajshahi","Chapai Nababganj","Gomastapur",26.1,"Rajshahi","BD50","Nawabganj","BD5070","Gomastapur","BD507037","BD507037"
"Rajshahi","Chapai Nababganj","Nachole",24.2,"Rajshahi","BD50","Nawabganj","BD5070","Nachole","BD507056","BD507056"
"Rajshahi","Chapai Nababganj","Shibganj",26,"Rajshahi","BD50","Nawabganj","BD5070","Shibganj","BD501094","BD501094"
